#Columns,6
#Header_Rows,12
Field_Name,Sample_Name,IGSN,Material,Fe_mg_per_kg,Fe_mg_per_L,Methods_Deviation
Unit,N/A,N/A,N/A,milligrams_per_kilogram,milligrams_per_liter,N/A
Unit_Basis,N/A,N/A,N/A,as_mg_Fe_per_kg_dry_weight,as_mg_Fe_per_L_water,N/A
MethodID_Analysis,N/A,N/A,N/A,Fe_T_AN_002,Fe_T_AN_002,N/A
MethodID_Inspection,N/A,N/A,N/A,Fe_T_IN_002,Fe_T_IN_002,N/A
MethodID_Storage,N/A,N/A,N/A,Fe_T_ST_002,Fe_T_ST_002,N/A
MethodID_Preservation,N/A,N/A,N/A,Fe_T_PRES_002,Fe_T_PRES_002,N/A
MethodID_Preparation,N/A,N/A,N/A,Fe_T_PREP_002,Fe_T_PREP_002,N/A
MethodID_DataProcessing,N/A,N/A,N/A,Fe_T_DP_002,Fe_T_DP_002,N/A
Analysis_DetectionLimit,-9999,-9999,-9999,-9999,0.002-0.046,N/A
Analysis_Precision,-9999,-9999,-9999,-9999,-9999,N/A
Data_Status,N/A,N/A,N/A,ready_to_use,ready_to_use,N/A
#Start_Data,EC_005_SFE-D1,10.58052/IEWDR01Q9,Sediment,0.646,0.201,N/A
N/A,EC_005_SFE-D2,10.58052/IEWDR01Q9,Sediment,0.653,0.202,N/A
N/A,EC_005_SFE-D3,10.58052/IEWDR01Q9,Sediment,0.65,0.201,N/A
N/A,EC_005_SFE-D4,10.58052/IEWDR01Q9,Sediment,0.655,0.202,N/A
N/A,EC_005_SFE-D5,10.58052/IEWDR01Q9,Sediment,0.69,0.213,N/A
N/A,EC_005_SFE-W1,10.58052/IEWDR01Q9,Sediment,0.894,0.277,N/A
N/A,EC_005_SFE-W2,10.58052/IEWDR01Q9,Sediment,0.753,0.233,N/A
N/A,EC_005_SFE-W3,10.58052/IEWDR01Q9,Sediment,0.703,0.218,N/A
N/A,EC_005_SFE-W4,10.58052/IEWDR01Q9,Sediment,0.767,0.238,N/A
N/A,EC_005_SFE-W5,10.58052/IEWDR01Q9,Sediment,0.601,0.186,N/A
N/A,EC_009_SFE-D1,10.58052/IEWDR01UU,Sediment,0.502,0.144,N/A
N/A,EC_009_SFE-D2,10.58052/IEWDR01UU,Sediment,0.513,0.147,N/A
N/A,EC_009_SFE-D3,10.58052/IEWDR01UU,Sediment,0.605,0.173,N/A
N/A,EC_009_SFE-D4,10.58052/IEWDR01UU,Sediment,0.568,0.162,N/A
N/A,EC_009_SFE-D5,10.58052/IEWDR01UU,Sediment,0.625,0.178,N/A
N/A,EC_009_SFE-W1,10.58052/IEWDR01UU,Sediment,0.628,0.179,N/A
N/A,EC_009_SFE-W2,10.58052/IEWDR01UU,Sediment,0.593,0.17,N/A
N/A,EC_009_SFE-W3,10.58052/IEWDR01UU,Sediment,0.48,0.137,N/A
N/A,EC_009_SFE-W4,10.58052/IEWDR01UU,Sediment,0.528,0.151,N/A
N/A,EC_009_SFE-W5,10.58052/IEWDR01UU,Sediment,0.58,0.166,N/A
N/A,EC_011_SFE-D1,10.58052/IEWDR01QE,Sediment,0.646,0.162,N/A
N/A,EC_011_SFE-D2,10.58052/IEWDR01QE,Sediment,0.565,0.141,N/A
N/A,EC_011_SFE-D3,10.58052/IEWDR01QE,Sediment,0.418,0.105,N/A
N/A,EC_011_SFE-D4,10.58052/IEWDR01QE,Sediment,0.838,0.21,N/A
N/A,EC_011_SFE-D5,10.58052/IEWDR01QE,Sediment,0.682,0.171,N/A
N/A,EC_011_SFE-W1,10.58052/IEWDR01QE,Sediment,1.432,0.356,INC_008
N/A,EC_011_SFE-W2,10.58052/IEWDR01QE,Sediment,1.523,0.378,INC_008
N/A,EC_011_SFE-W3,10.58052/IEWDR01QE,Sediment,1.066,0.265,INC_008
N/A,EC_011_SFE-W4,10.58052/IEWDR01QE,Sediment,1.033,0.258,INC_008
N/A,EC_011_SFE-W5,10.58052/IEWDR01QE,Sediment,1.653,0.411,INC_008
N/A,EC_012_SFE-D1,10.58052/IEWDR01QF,Sediment,3.467,0.743,N/A
N/A,EC_012_SFE-D2,10.58052/IEWDR01QF,Sediment,2.622,0.558,N/A
N/A,EC_012_SFE-D3,10.58052/IEWDR01QF,Sediment,3.058,0.656,N/A
N/A,EC_012_SFE-D4,10.58052/IEWDR01QF,Sediment,1.904,0.408,N/A
N/A,EC_012_SFE-D5,10.58052/IEWDR01QF,Sediment,1.987,0.195,INC_Method_002
N/A,EC_012_SFE-W1,10.58052/IEWDR01QF,Sediment,2.66,0.564,INC_008
N/A,EC_012_SFE-W2,10.58052/IEWDR01QF,Sediment,1.407,0.296,INC_008
N/A,EC_012_SFE-W3,10.58052/IEWDR01QF,Sediment,1.61,0.34,INC_008
N/A,EC_012_SFE-W4,10.58052/IEWDR01QF,Sediment,1.419,0.299,INC_008
N/A,EC_012_SFE-W5,10.58052/IEWDR01QF,Sediment,1.689,0.358,INC_008
N/A,EC_013_SFE-D1,10.58052/IEWDR01QG,Sediment,0.701,0.131,N/A
N/A,EC_013_SFE-D2,10.58052/IEWDR01QG,Sediment,1.156,0.216,N/A
N/A,EC_013_SFE-D3,10.58052/IEWDR01QG,Sediment,1.268,0.236,N/A
N/A,EC_013_SFE-D4,10.58052/IEWDR01QG,Sediment,1.732,0.323,N/A
N/A,EC_013_SFE-D5,10.58052/IEWDR01QG,Sediment,1.377,0.257,N/A
N/A,EC_013_SFE-W1,10.58052/IEWDR01QG,Sediment,1.236,0.23,N/A
N/A,EC_013_SFE-W2,10.58052/IEWDR01QG,Sediment,1.389,0.26,N/A
N/A,EC_013_SFE-W3,10.58052/IEWDR01QG,Sediment,1.266,0.237,N/A
N/A,EC_013_SFE-W4,10.58052/IEWDR01QG,Sediment,1.224,0.229,N/A
N/A,EC_013_SFE-W5,10.58052/IEWDR01QG,Sediment,1.352,0.253,N/A
N/A,EC_014_SFE-D1,10.58052/IEWDR01QH,Sediment,0.942,0.226,N/A
N/A,EC_014_SFE-D2,10.58052/IEWDR01QH,Sediment,1.014,0.243,N/A
N/A,EC_014_SFE-D3,10.58052/IEWDR01QH,Sediment,0.724,0.173,N/A
N/A,EC_014_SFE-D4,10.58052/IEWDR01QH,Sediment,0.827,0.198,N/A
N/A,EC_014_SFE-D5,10.58052/IEWDR01QH,Sediment,0.92,0.22,N/A
N/A,EC_014_SFE-W1,10.58052/IEWDR01QH,Sediment,0.7,0.167,N/A
N/A,EC_014_SFE-W2,10.58052/IEWDR01QH,Sediment,0.761,0.181,N/A
N/A,EC_014_SFE-W3,10.58052/IEWDR01QH,Sediment,0.417,0.1,N/A
N/A,EC_014_SFE-W4,10.58052/IEWDR01QH,Sediment,0.57,0.137,N/A
N/A,EC_014_SFE-W5,10.58052/IEWDR01QH,Sediment,0.598,0.143,N/A
N/A,EC_017_SFE-D1,10.58052/IEWDR01QK,Sediment,0.217,0.068,N/A
N/A,EC_017_SFE-D2,10.58052/IEWDR01QK,Sediment,0.161,0.051,N/A
N/A,EC_017_SFE-D3,10.58052/IEWDR01QK,Sediment,SFE_Below_0.046_ppm_LOD|0.028_ppm_Raw_Not_Corrected|0.089_ppm_Final_Corrected,SFE_Below_0.046_ppm_LOD|0.028_ppm_Raw_Not_Corrected|0.028_ppm_Final_Corrected,DTL_003
N/A,EC_017_SFE-D4,10.58052/IEWDR01QK,Sediment,SFE_Below_0.046_ppm_LOD|0.019_ppm_Raw_Not_Corrected|0.061_ppm_Final_Corrected,SFE_Below_0.046_ppm_LOD|0.019_ppm_Raw_Not_Corrected|0.019_ppm_Final_Corrected,DTL_003
N/A,EC_017_SFE-D5,10.58052/IEWDR01QK,Sediment,0.269,0.086,N/A
N/A,EC_017_SFE-W1,10.58052/IEWDR01QK,Sediment,0.375,0.118,N/A
N/A,EC_017_SFE-W2,10.58052/IEWDR01QK,Sediment,0.361,0.114,N/A
N/A,EC_017_SFE-W3,10.58052/IEWDR01QK,Sediment,0.362,0.115,N/A
N/A,EC_017_SFE-W4,10.58052/IEWDR01QK,Sediment,0.301,0.095,N/A
N/A,EC_017_SFE-W5,10.58052/IEWDR01QK,Sediment,0.369,0.116,N/A
N/A,EC_018_SFE-D1,10.58052/IEWDR01QL,Sediment,SFE_Below_0_ppm_Standard|Negative_Value_Raw_Not_Corrected|-9999_ppm_Final_Corrected,SFE_Below_0_ppm_Standard|Negative_Value_Raw_Not_Corrected|-9999_ppm_Raw_Not_Corrected,DTL_003
N/A,EC_018_SFE-D2,10.58052/IEWDR01QL,Sediment,0.14,0.036,N/A
N/A,EC_018_SFE-D3,10.58052/IEWDR01QL,Sediment,SFE_Below_0_ppm_Standard|Negative_Value_Raw_Not_Corrected|-9999_ppm_Final_Corrected,SFE_Below_0_ppm_Standard|Negative_Value_Raw_Not_Corrected|-9999_ppm_Raw_Not_Corrected,DTL_003
N/A,EC_018_SFE-D4,10.58052/IEWDR01QL,Sediment,SFE_Below_0.043_ppm_LOD|0.014_ppm_Raw_Not_Corrected|0.053_ppm_Final_Corrected,SFE_Below_0.043_ppm_LOD|0.014_ppm_Raw_Not_Corrected|0.014_ppm_Final_Corrected,DTL_003
N/A,EC_018_SFE-D5,10.58052/IEWDR01QL,Sediment,0.148,0.038,N/A
N/A,EC_018_SFE-W1,10.58052/IEWDR01QL,Sediment,0.141,0.037,N/A
N/A,EC_018_SFE-W2,10.58052/IEWDR01QL,Sediment,0.132,0.034,N/A
N/A,EC_018_SFE-W3,10.58052/IEWDR01QL,Sediment,0.141,0.036,N/A
N/A,EC_018_SFE-W4,10.58052/IEWDR01QL,Sediment,0.134,0.035,N/A
N/A,EC_018_SFE-W5,10.58052/IEWDR01QL,Sediment,SFE_Below_0_ppm_Standard|Negative_Value_Raw_Not_Corrected|-9999_ppm_Final_Corrected,SFE_Below_0_ppm_Standard|Negative_Value_Raw_Not_Corrected|-9999_ppm_Raw_Not_Corrected,DTL_003
N/A,EC_021_SFE-D1,10.58052/IEWDR01QN,Sediment,0.124,0.039,N/A
N/A,EC_021_SFE-D2,10.58052/IEWDR01QN,Sediment,0.132,0.042,N/A
N/A,EC_021_SFE-D3,10.58052/IEWDR01QN,Sediment,0.147,0.046,N/A
N/A,EC_021_SFE-D4,10.58052/IEWDR01QN,Sediment,0.113,0.035,N/A
N/A,EC_021_SFE-D5,10.58052/IEWDR01QN,Sediment,0.125,0.039,N/A
N/A,EC_021_SFE-W1,10.58052/IEWDR01QN,Sediment,SFE_Below_0_ppm_Standard|Negative_Value_Raw_Not_Corrected|-9999_ppm_Final_Corrected,SFE_Below_0_ppm_Standard|Negative_Value_Raw_Not_Corrected|-9999_ppm_Raw_Not_Corrected,DTL_003
N/A,EC_021_SFE-W2,10.58052/IEWDR01QN,Sediment,0.058,0.018,N/A
N/A,EC_021_SFE-W3,10.58052/IEWDR01QN,Sediment,0.091,0.029,N/A
N/A,EC_021_SFE-W4,10.58052/IEWDR01QN,Sediment,0.127,0.04,N/A
N/A,EC_021_SFE-W5,10.58052/IEWDR01QN,Sediment,0.123,0.039,N/A
N/A,EC_022_SFE-D1,10.58052/IEWDR01QO,Sediment,0.395,0.122,N/A
N/A,EC_022_SFE-D2,10.58052/IEWDR01QO,Sediment,0.474,0.145,N/A
N/A,EC_022_SFE-D3,10.58052/IEWDR01QO,Sediment,0.441,0.135,N/A
N/A,EC_022_SFE-D4,10.58052/IEWDR01QO,Sediment,0.461,0.143,N/A
N/A,EC_022_SFE-D5,10.58052/IEWDR01QO,Sediment,0.428,0.132,INC_003
N/A,EC_022_SFE-W1,10.58052/IEWDR01QO,Sediment,0.863,0.266,N/A
N/A,EC_022_SFE-W2,10.58052/IEWDR01QO,Sediment,0.352,0.109,N/A
N/A,EC_022_SFE-W3,10.58052/IEWDR01QO,Sediment,0.807,0.249,N/A
N/A,EC_022_SFE-W4,10.58052/IEWDR01QO,Sediment,0.81,0.25,N/A
N/A,EC_022_SFE-W5,10.58052/IEWDR01QO,Sediment,0.788,0.243,N/A
N/A,EC_023_SFE-D1,10.58052/IEWDR01QP,Sediment,-9999,0.832,MOI_002
N/A,EC_023_SFE-D2,10.58052/IEWDR01QP,Sediment,-9999,0.284,MOI_002
N/A,EC_023_SFE-D3,10.58052/IEWDR01QP,Sediment,-9999,0.977,MOI_002
N/A,EC_023_SFE-D4,10.58052/IEWDR01QP,Sediment,-9999,0.678,MOI_002
N/A,EC_023_SFE-D5,10.58052/IEWDR01QP,Sediment,-9999,0.614,MOI_002
N/A,EC_023_SFE-W1,10.58052/IEWDR01QP,Sediment,-9999,1.57,MOI_002
N/A,EC_023_SFE-W2,10.58052/IEWDR01QP,Sediment,-9999,1.403,MOI_002
N/A,EC_023_SFE-W3,10.58052/IEWDR01QP,Sediment,-9999,1.359,MOI_002
N/A,EC_023_SFE-W4,10.58052/IEWDR01QP,Sediment,-9999,1.368,MOI_002
N/A,EC_023_SFE-W5,10.58052/IEWDR01QP,Sediment,-9999,1.371,MOI_002
N/A,EC_024_SFE-D1,10.58052/IEWDR01QQ,Sediment,0.036,0.013,N/A
N/A,EC_024_SFE-D2,10.58052/IEWDR01QQ,Sediment,0.11,0.038,N/A
N/A,EC_024_SFE-D3,10.58052/IEWDR01QQ,Sediment,0.117,0.04,N/A
N/A,EC_024_SFE-D4,10.58052/IEWDR01QQ,Sediment,0.093,0.032,N/A
N/A,EC_024_SFE-D5,10.58052/IEWDR01QQ,Sediment,SFE_Below_0_ppm_Standard|Negative_Value_Raw_Not_Corrected|-9999_ppm_Final_Corrected,SFE_Below_0_ppm_Standard|Negative_Value_Raw_Not_Corrected|-9999_ppm_Raw_Not_Corrected,DTL_003
N/A,EC_024_SFE-W1,10.58052/IEWDR01QQ,Sediment,0.097,0.034,N/A
N/A,EC_024_SFE-W2,10.58052/IEWDR01QQ,Sediment,0.149,0.051,N/A
N/A,EC_024_SFE-W3,10.58052/IEWDR01QQ,Sediment,0.164,0.056,N/A
N/A,EC_024_SFE-W4,10.58052/IEWDR01QQ,Sediment,0.138,0.048,N/A
N/A,EC_024_SFE-W5,10.58052/IEWDR01QQ,Sediment,0.179,0.062,N/A
N/A,EC_027_SFE-D1,10.58052/IEWDR01QR,Sediment,0.31,0.06,N/A
N/A,EC_027_SFE-D2,10.58052/IEWDR01QR,Sediment,SFE_Above_2_ppm_Standard|1.3765_ppm_Raw_Not_Corrected|14.348_ppm_Final_Corrected,SFE_Above_2_ppm_Standard|1.3765_ppm_Raw_Not_Corrected|2.753_ppm_Final_Corrected,SFE_RERUN_001; DTL_003
N/A,EC_027_SFE-D3,10.58052/IEWDR01QR,Sediment,SFE_Below_0_ppm_Standard|Negative_Value_Raw_Not_Corrected|-9999_ppm_Final_Corrected,SFE_Below_0_ppm_Standard|Negative_Value_Raw_Not_Corrected|-9999_ppm_Raw_Not_Corrected,DTL_003
N/A,EC_027_SFE-D4,10.58052/IEWDR01QR,Sediment,0.686,0.132,N/A
N/A,EC_027_SFE-D5,10.58052/IEWDR01QR,Sediment,0.401,0.077,N/A
N/A,EC_027_SFE-W1,10.58052/IEWDR01QR,Sediment,0.214,0.041,N/A
N/A,EC_027_SFE-W2,10.58052/IEWDR01QR,Sediment,SFE_Above_2_ppm_Standard|1.62_ppm_Raw_Not_Corrected|16.887_ppm_Final_Corrected,SFE_Above_2_ppm_Standard|1.62_ppm_Raw_Not_Corrected|3.24_ppm_Final_Corrected,SFE_RERUN_001; DTL_003
N/A,EC_027_SFE-W3,10.58052/IEWDR01QR,Sediment,0.495,0.095,N/A
N/A,EC_027_SFE-W4,10.58052/IEWDR01QR,Sediment,0.332,0.064,N/A
N/A,EC_027_SFE-W5,10.58052/IEWDR01QR,Sediment,10.135,1.949,N/A
N/A,EC_032_SFE-D1,10.58052/IEWDR01QT,Sediment,0.843,0.163,N/A
N/A,EC_032_SFE-D2,10.58052/IEWDR01QT,Sediment,SFE_Above_2_ppm_Standard|1.6915_ppm_Raw_Not_Corrected|18.262_ppm_Final_Corrected,SFE_Above_2_ppm_Standard|1.6915_ppm_Raw_Not_Corrected|3.383_ppm_Final_Corrected,SFE_RERUN_001; DTL_003
N/A,EC_032_SFE-D3,10.58052/IEWDR01QT,Sediment,SFE_Above_2_ppm_Standard|1.432_ppm_Raw_Not_Corrected|15.327_ppm_Final_Corrected,SFE_Above_2_ppm_Standard|1.432_ppm_Raw_Not_Corrected|2.864_ppm_Final_Corrected,SFE_RERUN_001; DTL_003
N/A,EC_032_SFE-D4,10.58052/IEWDR01QT,Sediment,SFE_Above_2_ppm_Standard|1.7825_ppm_Raw_Not_Corrected|19.011_ppm_Final_Corrected,SFE_Above_2_ppm_Standard|1.7825_ppm_Raw_Not_Corrected|3.565_ppm_Final_Corrected,SFE_RERUN_001; DTL_003
N/A,EC_032_SFE-D5,10.58052/IEWDR01QT,Sediment,SFE_Above_2_ppm_Standard|1.609_ppm_Raw_Not_Corrected|16.421_ppm_Final_Corrected,SFE_Above_2_ppm_Standard|1.609_ppm_Raw_Not_Corrected|3.218_ppm_Final_Corrected,SFE_RERUN_001; DTL_003; INC_004
N/A,EC_032_SFE-W1,10.58052/IEWDR01QT,Sediment,1.708,0.318,N/A
N/A,EC_032_SFE-W2,10.58052/IEWDR01QT,Sediment,1.723,0.32,N/A
N/A,EC_032_SFE-W3,10.58052/IEWDR01QT,Sediment,1.504,0.286,N/A
N/A,EC_032_SFE-W4,10.58052/IEWDR01QT,Sediment,14.483,2.772,N/A
N/A,EC_032_SFE-W5,10.58052/IEWDR01QT,Sediment,SFE_Above_2_ppm_Standard|1.022_ppm_Raw_Not_Corrected|10.723_ppm_Final_Corrected,SFE_Above_2_ppm_Standard|1.022_ppm_Raw_Not_Corrected|2.044_ppm_Final_Corrected,SFE_RERUN_001; DTL_003
N/A,EC_033_SFE-D1,10.58052/IEWDR01QU,Sediment,0.101,0.032,N/A
N/A,EC_033_SFE-D2,10.58052/IEWDR01QU,Sediment,0.113,0.036,N/A
N/A,EC_033_SFE-D3,10.58052/IEWDR01QU,Sediment,0.057,0.018,N/A
N/A,EC_033_SFE-D4,10.58052/IEWDR01QU,Sediment,SFE_Below_0_ppm_Standard|Negative_Value_Raw_Not_Corrected|-9999_ppm_Final_Corrected,SFE_Below_0_ppm_Standard|Negative_Value_Raw_Not_Corrected|-9999_ppm_Raw_Not_Corrected,DTL_003
N/A,EC_033_SFE-D5,10.58052/IEWDR01QU,Sediment,0.1,0.031,N/A
N/A,EC_033_SFE-W1,10.58052/IEWDR01QU,Sediment,SFE_Below_0_ppm_Standard|Negative_Value_Raw_Not_Corrected|-9999_ppm_Final_Corrected,SFE_Below_0_ppm_Standard|Negative_Value_Raw_Not_Corrected|-9999_ppm_Raw_Not_Corrected,DTL_003
N/A,EC_033_SFE-W2,10.58052/IEWDR01QU,Sediment,SFE_Below_0_ppm_Standard|Negative_Value_Raw_Not_Corrected|-9999_ppm_Final_Corrected,SFE_Below_0_ppm_Standard|Negative_Value_Raw_Not_Corrected|-9999_ppm_Raw_Not_Corrected,DTL_003
N/A,EC_033_SFE-W3,10.58052/IEWDR01QU,Sediment,0.104,0.033,N/A
N/A,EC_033_SFE-W4,10.58052/IEWDR01QU,Sediment,SFE_Below_0_ppm_Standard|Negative_Value_Raw_Not_Corrected|-9999_ppm_Final_Corrected,SFE_Below_0_ppm_Standard|Negative_Value_Raw_Not_Corrected|-9999_ppm_Raw_Not_Corrected,DTL_003
N/A,EC_033_SFE-W5,10.58052/IEWDR01QU,Sediment,0.093,0.029,N/A
N/A,EC_034_SFE-D1,10.58052/IEWDR01QV,Sediment,0.638,0.185,N/A
N/A,EC_034_SFE-D2,10.58052/IEWDR01QV,Sediment,0.703,0.204,N/A
N/A,EC_034_SFE-D3,10.58052/IEWDR01QV,Sediment,0.694,0.201,N/A
N/A,EC_034_SFE-D4,10.58052/IEWDR01QV,Sediment,0.736,0.212,N/A
N/A,EC_034_SFE-D5,10.58052/IEWDR01QV,Sediment,0.879,0.255,N/A
N/A,EC_034_SFE-W1,10.58052/IEWDR01QV,Sediment,1.556,0.453,N/A
N/A,EC_034_SFE-W2,10.58052/IEWDR01QV,Sediment,1.729,0.501,N/A
N/A,EC_034_SFE-W3,10.58052/IEWDR01QV,Sediment,0.563,0.163,N/A
N/A,EC_034_SFE-W4,10.58052/IEWDR01QV,Sediment,1.745,0.51,N/A
N/A,EC_034_SFE-W5,10.58052/IEWDR01QV,Sediment,1.328,0.383,N/A
N/A,EC_035_SFE-D1,10.58052/IEWDR01QW,Sediment,2.264,0.319,N/A
N/A,EC_035_SFE-D2,10.58052/IEWDR01QW,Sediment,2.505,0.35,N/A
N/A,EC_035_SFE-D3,10.58052/IEWDR01QW,Sediment,0.884,0.125,N/A
N/A,EC_035_SFE-D4,10.58052/IEWDR01QW,Sediment,1.204,0.17,N/A
N/A,EC_035_SFE-D5,10.58052/IEWDR01QW,Sediment,3.619,0.51,N/A
N/A,EC_035_SFE-W1,10.58052/IEWDR01QW,Sediment,3.354,0.473,N/A
N/A,EC_035_SFE-W2,10.58052/IEWDR01QW,Sediment,2.736,0.386,N/A
N/A,EC_035_SFE-W3,10.58052/IEWDR01QW,Sediment,1.783,0.251,N/A
N/A,EC_035_SFE-W4,10.58052/IEWDR01QW,Sediment,3.325,0.47,N/A
N/A,EC_035_SFE-W5,10.58052/IEWDR01QW,Sediment,2.22,0.313,N/A
N/A,EC_037_SFE-D1,10.58052/IEWDR01QX,Sediment,0.136,0.047,N/A
N/A,EC_037_SFE-D2,10.58052/IEWDR01QX,Sediment,0.146,0.051,N/A
N/A,EC_037_SFE-D3,10.58052/IEWDR01QX,Sediment,0.139,0.048,N/A
N/A,EC_037_SFE-D4,10.58052/IEWDR01QX,Sediment,0.095,0.033,N/A
N/A,EC_037_SFE-D5,10.58052/IEWDR01QX,Sediment,0.154,0.053,N/A
N/A,EC_037_SFE-W1,10.58052/IEWDR01QX,Sediment,0.257,0.089,N/A
N/A,EC_037_SFE-W2,10.58052/IEWDR01QX,Sediment,0.183,0.064,N/A
N/A,EC_037_SFE-W3,10.58052/IEWDR01QX,Sediment,0.182,0.062,N/A
N/A,EC_037_SFE-W4,10.58052/IEWDR01QX,Sediment,0.225,0.079,N/A
N/A,EC_037_SFE-W5,10.58052/IEWDR01QX,Sediment,0.2,0.071,N/A
N/A,EC_038_SFE-D1,10.58052/IEWDR01QY,Sediment,0.379,0.123,N/A
N/A,EC_038_SFE-D2,10.58052/IEWDR01QY,Sediment,0.402,0.131,N/A
N/A,EC_038_SFE-D3,10.58052/IEWDR01QY,Sediment,0.608,0.193,N/A
N/A,EC_038_SFE-D4,10.58052/IEWDR01QY,Sediment,0.502,0.164,N/A
N/A,EC_038_SFE-D5,10.58052/IEWDR01QY,Sediment,0.516,0.165,N/A
N/A,EC_038_SFE-W1,10.58052/IEWDR01QY,Sediment,0.465,0.151,N/A
N/A,EC_038_SFE-W2,10.58052/IEWDR01QY,Sediment,0.553,0.177,N/A
N/A,EC_038_SFE-W3,10.58052/IEWDR01QY,Sediment,0.463,0.149,N/A
N/A,EC_038_SFE-W4,10.58052/IEWDR01QY,Sediment,0.486,0.155,N/A
N/A,EC_038_SFE-W5,10.58052/IEWDR01QY,Sediment,0.684,0.22,N/A
N/A,EC_039_SFE-D1,10.58052/IEWDR01QZ,Sediment,0.131,0.04,N/A
N/A,EC_039_SFE-D2,10.58052/IEWDR01QZ,Sediment,0.112,0.034,N/A
N/A,EC_039_SFE-D3,10.58052/IEWDR01QZ,Sediment,0.118,0.036,N/A
N/A,EC_039_SFE-D4,10.58052/IEWDR01QZ,Sediment,0.106,0.034,N/A
N/A,EC_039_SFE-D5,10.58052/IEWDR01QZ,Sediment,0.099,0.03,N/A
N/A,EC_039_SFE-W1,10.58052/IEWDR01QZ,Sediment,0.111,0.034,N/A
N/A,EC_039_SFE-W2,10.58052/IEWDR01QZ,Sediment,0.126,0.038,N/A
N/A,EC_039_SFE-W3,10.58052/IEWDR01QZ,Sediment,SFE_Below_0.018_ppm_LOD|0.009_ppm_Raw_Not_Corrected|0.028_ppm_Final_Corrected,SFE_Below_0.018_ppm_LOD|0.009_ppm_Raw_Not_Corrected|0.009_ppm_Final_Corrected,DTL_003
N/A,EC_039_SFE-W4,10.58052/IEWDR01QZ,Sediment,SFE_Below_0.043_ppm_LOD|0.007_ppm_Raw_Not_Corrected|0.023_ppm_Final_Corrected,SFE_Below_0.043_ppm_LOD|0.007_ppm_Raw_Not_Corrected|0.007_ppm_Final_Corrected,DTL_003
N/A,EC_039_SFE-W5,10.58052/IEWDR01QZ,Sediment,0.131,0.04,N/A
N/A,EC_040_SFE-D1,10.58052/IEWDR01R0,Sediment,SFE_Above_2_ppm_Standard|1.6725_ppm_Raw_Not_Corrected|12.142_ppm_Final_Corrected,SFE_Above_2_ppm_Standard|1.6725_ppm_Raw_Not_Corrected|3.345_ppm_Final_Corrected,SFE_RERUN_001; DTL_003
N/A,EC_040_SFE-D2,10.58052/IEWDR01R0,Sediment,2.066,0.568,N/A
N/A,EC_040_SFE-D3,10.58052/IEWDR01R0,Sediment,2.121,0.582,N/A
N/A,EC_040_SFE-D4,10.58052/IEWDR01R0,Sediment,SFE_Above_2_ppm_Standard|1.296_ppm_Raw_Not_Corrected|9.425_ppm_Final_Corrected,SFE_Above_2_ppm_Standard|1.296_ppm_Raw_Not_Corrected|2.592_ppm_Final_Corrected,SFE_RERUN_001; DTL_003
N/A,EC_040_SFE-D5,10.58052/IEWDR01R0,Sediment,5.593,1.514,N/A
N/A,EC_040_SFE-W1,10.58052/IEWDR01R0,Sediment,SFE_Above_2_ppm_Standard|1.666_ppm_Raw_Not_Corrected|12.311_ppm_Final_Corrected,SFE_Above_2_ppm_Standard|1.666_ppm_Raw_Not_Corrected|3.332_ppm_Final_Corrected,SFE_RERUN_001; DTL_003
N/A,EC_040_SFE-W2,10.58052/IEWDR01R0,Sediment,SFE_Above_2_ppm_Standard|1.713_ppm_Raw_Not_Corrected|12.516_ppm_Final_Corrected,SFE_Above_2_ppm_Standard|1.713_ppm_Raw_Not_Corrected|3.426_ppm_Final_Corrected,SFE_RERUN_001; DTL_003
N/A,EC_040_SFE-W3,10.58052/IEWDR01R0,Sediment,4.919,1.334,N/A
N/A,EC_040_SFE-W4,10.58052/IEWDR01R0,Sediment,SFE_Above_2_ppm_Standard|1.8455_ppm_Raw_Not_Corrected|13.628_ppm_Final_Corrected,SFE_Above_2_ppm_Standard|1.8455_ppm_Raw_Not_Corrected|3.691_ppm_Final_Corrected,SFE_RERUN_001; DTL_003
N/A,EC_040_SFE-W5,10.58052/IEWDR01R0,Sediment,SFE_Above_2_ppm_Standard|1.9175_ppm_Raw_Not_Corrected|14.079_ppm_Final_Corrected,SFE_Above_2_ppm_Standard|1.9175_ppm_Raw_Not_Corrected|3.835_ppm_Final_Corrected,SFE_RERUN_001; DTL_003
N/A,EC_041_SFE-D1,10.58052/IEWDR01R1,Sediment,0.433,0.116,N/A
N/A,EC_041_SFE-D2,10.58052/IEWDR01R1,Sediment,0.19,0.051,N/A
N/A,EC_041_SFE-D3,10.58052/IEWDR01R1,Sediment,0.428,0.115,N/A
N/A,EC_041_SFE-D4,10.58052/IEWDR01R1,Sediment,0.436,0.117,N/A
N/A,EC_041_SFE-D5,10.58052/IEWDR01R1,Sediment,0.282,0.076,N/A
N/A,EC_041_SFE-W1,10.58052/IEWDR01R1,Sediment,0.462,0.124,N/A
N/A,EC_041_SFE-W2,10.58052/IEWDR01R1,Sediment,0.483,0.13,N/A
N/A,EC_041_SFE-W3,10.58052/IEWDR01R1,Sediment,0.531,0.142,N/A
N/A,EC_041_SFE-W4,10.58052/IEWDR01R1,Sediment,0.362,0.097,INC_005
N/A,EC_041_SFE-W5,10.58052/IEWDR01R1,Sediment,0.366,0.099,N/A
N/A,EC_042_SFE-D1,10.58052/IEWDR01R2,Sediment,0.219,0.063,N/A
N/A,EC_042_SFE-D2,10.58052/IEWDR01R2,Sediment,0.207,0.059,N/A
N/A,EC_042_SFE-D3,10.58052/IEWDR01R2,Sediment,0.094,0.027,N/A
N/A,EC_042_SFE-D4,10.58052/IEWDR01R2,Sediment,0.184,0.052,N/A
N/A,EC_042_SFE-D5,10.58052/IEWDR01R2,Sediment,SFE_Below_0_ppm_Standard|Negative_Value_Raw_Not_Corrected|-9999_ppm_Final_Corrected,SFE_Below_0_ppm_Standard|Negative_Value_Raw_Not_Corrected|-9999_ppm_Raw_Not_Corrected,INC_004; DTL_003
N/A,EC_042_SFE-W1,10.58052/IEWDR01R2,Sediment,0.241,0.069,N/A
N/A,EC_042_SFE-W2,10.58052/IEWDR01R2,Sediment,SFE_Below_0.046_ppm_LOD|0.004_ppm_Raw_Not_Corrected|0.015_ppm_Final_Corrected,SFE_Below_0.046_ppm_LOD|0.004_ppm_Raw_Not_Corrected|0.004_ppm_Final_Corrected,DTL_003
N/A,EC_042_SFE-W3,10.58052/IEWDR01R2,Sediment,SFE_Below_0.046_ppm_LOD|0.015_ppm_Raw_Not_Corrected|0.052_ppm_Final_Corrected,SFE_Below_0.046_ppm_LOD|0.015_ppm_Raw_Not_Corrected|0.015_ppm_Final_Corrected,DTL_003
N/A,EC_042_SFE-W4,10.58052/IEWDR01R2,Sediment,SFE_Below_0.043_ppm_LOD|0.039_ppm_Raw_Not_Corrected|0.138_ppm_Final_Corrected,SFE_Below_0.043_ppm_LOD|0.039_ppm_Raw_Not_Corrected|0.039_ppm_Final_Corrected,DTL_003
N/A,EC_042_SFE-W5,10.58052/IEWDR01R2,Sediment,0.192,0.055,N/A
N/A,EC_044_SFE-D1,10.58052/IEWDR01V0,Sediment,0.145,0.047,N/A
N/A,EC_044_SFE-D2,10.58052/IEWDR01V0,Sediment,0.157,0.051,N/A
N/A,EC_044_SFE-D3,10.58052/IEWDR01V0,Sediment,0.168,0.055,N/A
N/A,EC_044_SFE-D4,10.58052/IEWDR01V0,Sediment,0.127,0.042,INC_003
N/A,EC_044_SFE-D5,10.58052/IEWDR01V0,Sediment,0.148,0.049,INC_003
N/A,EC_044_SFE-W1,10.58052/IEWDR01V0,Sediment,0.189,0.062,N/A
N/A,EC_044_SFE-W2,10.58052/IEWDR01V0,Sediment,0.201,0.066,N/A
N/A,EC_044_SFE-W3,10.58052/IEWDR01V0,Sediment,0.225,0.073,N/A
N/A,EC_044_SFE-W4,10.58052/IEWDR01V0,Sediment,0.24,0.079,N/A
N/A,EC_044_SFE-W5,10.58052/IEWDR01V0,Sediment,0.246,0.08,N/A
N/A,EC_051_SFE-D1,10.58052/IEWDR01VC,Sediment,0.579,0.168,N/A
N/A,EC_051_SFE-D2,10.58052/IEWDR01VC,Sediment,0.263,0.076,N/A
N/A,EC_051_SFE-D3,10.58052/IEWDR01VC,Sediment,0.439,0.127,N/A
N/A,EC_051_SFE-D4,10.58052/IEWDR01VC,Sediment,0.563,0.163,N/A
N/A,EC_051_SFE-D5,10.58052/IEWDR01VC,Sediment,0.498,0.144,N/A
N/A,EC_051_SFE-W1,10.58052/IEWDR01VC,Sediment,0.748,0.216,N/A
N/A,EC_051_SFE-W2,10.58052/IEWDR01VC,Sediment,0.641,0.186,N/A
N/A,EC_051_SFE-W3,10.58052/IEWDR01VC,Sediment,0.573,0.165,N/A
N/A,EC_051_SFE-W4,10.58052/IEWDR01VC,Sediment,0.593,0.172,N/A
N/A,EC_051_SFE-W5,10.58052/IEWDR01VC,Sediment,0.796,0.23,N/A
N/A,EC_052_SFE-D1,10.58052/IEWDR01VF,Sediment,1.318,0.312,N/A
N/A,EC_052_SFE-D2,10.58052/IEWDR01VF,Sediment,0.816,0.193,N/A
N/A,EC_052_SFE-D3,10.58052/IEWDR01VF,Sediment,1.17,0.276,N/A
N/A,EC_052_SFE-D4,10.58052/IEWDR01VF,Sediment,0.644,0.152,N/A
N/A,EC_052_SFE-D5,10.58052/IEWDR01VF,Sediment,0.931,0.219,N/A
N/A,EC_052_SFE-W1,10.58052/IEWDR01VF,Sediment,2.165,0.511,N/A
N/A,EC_052_SFE-W2,10.58052/IEWDR01VF,Sediment,1.18,0.278,N/A
N/A,EC_052_SFE-W3,10.58052/IEWDR01VF,Sediment,1.341,0.317,N/A
N/A,EC_052_SFE-W4,10.58052/IEWDR01VF,Sediment,1.407,0.331,N/A
N/A,EC_052_SFE-W5,10.58052/IEWDR01VF,Sediment,1.198,0.284,N/A
N/A,EC_053_SFE-D1,10.58052/IEWDR01ZK,Sediment,0.282,0.076,N/A
N/A,EC_053_SFE-D2,10.58052/IEWDR01ZK,Sediment,0.247,0.066,N/A
N/A,EC_053_SFE-D3,10.58052/IEWDR01ZK,Sediment,0.152,0.042,N/A
N/A,EC_053_SFE-D4,10.58052/IEWDR01ZK,Sediment,0.26,0.07,N/A
N/A,EC_053_SFE-D5,10.58052/IEWDR01ZK,Sediment,0.305,0.081,N/A
N/A,EC_053_SFE-W1,10.58052/IEWDR01ZK,Sediment,0.39,0.105,N/A
N/A,EC_053_SFE-W2,10.58052/IEWDR01ZK,Sediment,0.312,0.084,N/A
N/A,EC_053_SFE-W3,10.58052/IEWDR01ZK,Sediment,0.3,0.08,N/A
N/A,EC_053_SFE-W4,10.58052/IEWDR01ZK,Sediment,0.285,0.077,N/A
N/A,EC_053_SFE-W5,10.58052/IEWDR01ZK,Sediment,0.317,0.087,N/A
N/A,EC_056_SFE-D1,10.58052/IEWDR01VI,Sediment,SFE_Below_0.018_ppm_LOD|0.006_ppm_Raw_Not_Corrected|0.019_ppm_Final_Corrected,SFE_Below_0.018_ppm_LOD|0.006_ppm_Raw_Not_Corrected|0.006_ppm_Final_Corrected,DTL_003
N/A,EC_056_SFE-D2,10.58052/IEWDR01VI,Sediment,0.079,0.027,N/A
N/A,EC_056_SFE-D3,10.58052/IEWDR01VI,Sediment,0.05,0.017,N/A
N/A,EC_056_SFE-D4,10.58052/IEWDR01VI,Sediment,0.117,0.04,N/A
N/A,EC_056_SFE-D5,10.58052/IEWDR01VI,Sediment,0.048,0.017,N/A
N/A,EC_056_SFE-W1,10.58052/IEWDR01VI,Sediment,0.086,0.029,N/A
N/A,EC_056_SFE-W2,10.58052/IEWDR01VI,Sediment,0.1,0.034,N/A
N/A,EC_056_SFE-W3,10.58052/IEWDR01VI,Sediment,0.068,0.023,N/A
N/A,EC_056_SFE-W4,10.58052/IEWDR01VI,Sediment,SFE_Below_0.043_ppm_LOD|0.018_ppm_Raw_Not_Corrected|0.053_ppm_Final_Corrected,SFE_Below_0.043_ppm_LOD|0.018_ppm_Raw_Not_Corrected|0.018_ppm_Final_Corrected,DTL_003
N/A,EC_056_SFE-W5,10.58052/IEWDR01VI,Sediment,SFE_Below_0_ppm_Standard|Negative_Value_Raw_Not_Corrected|-9999_ppm_Final_Corrected,SFE_Below_0_ppm_Standard|Negative_Value_Raw_Not_Corrected|-9999_ppm_Raw_Not_Corrected,DTL_003
N/A,EC_057_SFE-D1,10.58052/IEWDR01VL,Sediment,0.122,0.042,N/A
N/A,EC_057_SFE-D2,10.58052/IEWDR01VL,Sediment,0.127,0.044,N/A
N/A,EC_057_SFE-D3,10.58052/IEWDR01VL,Sediment,0.124,0.042,N/A
N/A,EC_057_SFE-D4,10.58052/IEWDR01VL,Sediment,0.139,0.047,N/A
N/A,EC_057_SFE-D5,10.58052/IEWDR01VL,Sediment,0.121,0.041,N/A
N/A,EC_057_SFE-W1,10.58052/IEWDR01VL,Sediment,0.116,0.04,N/A
N/A,EC_057_SFE-W2,10.58052/IEWDR01VL,Sediment,0.117,0.04,N/A
N/A,EC_057_SFE-W3,10.58052/IEWDR01VL,Sediment,0.123,0.042,N/A
N/A,EC_057_SFE-W4,10.58052/IEWDR01VL,Sediment,0.085,0.029,N/A
N/A,EC_057_SFE-W5,10.58052/IEWDR01VL,Sediment,0.126,0.043,N/A
N/A,EC_063_SFE-D1,10.58052/IEWDR01R4,Sediment,0.654,0.217,N/A
N/A,EC_063_SFE-D2,10.58052/IEWDR01R4,Sediment,0.676,0.223,N/A
N/A,EC_063_SFE-D3,10.58052/IEWDR01R4,Sediment,0.513,0.171,N/A
N/A,EC_063_SFE-D4,10.58052/IEWDR01R4,Sediment,0.799,0.264,N/A
N/A,EC_063_SFE-D5,10.58052/IEWDR01R4,Sediment,0.715,0.237,N/A
N/A,EC_063_SFE-W1,10.58052/IEWDR01R4,Sediment,0.837,0.276,N/A
N/A,EC_063_SFE-W2,10.58052/IEWDR01R4,Sediment,1.074,0.356,N/A
N/A,EC_063_SFE-W3,10.58052/IEWDR01R4,Sediment,1.103,0.365,N/A
N/A,EC_063_SFE-W4,10.58052/IEWDR01R4,Sediment,0.865,0.285,N/A
N/A,EC_063_SFE-W5,10.58052/IEWDR01R4,Sediment,1.055,0.35,N/A
N/A,EC_064_SFE-D1,10.58052/IEWDR01VR,Sediment,0.162,0.027,N/A
N/A,EC_064_SFE-D2,10.58052/IEWDR01VR,Sediment,SFE_Below_0.01_ppm_LOD|0.009_ppm_Raw_Not_Corrected|0.052_ppm_Final_Corrected,SFE_Below_0.01_ppm_LOD|0.009_ppm_Raw_Not_Corrected|0.009_ppm_Final_Corrected,DTL_003
N/A,EC_064_SFE-D3,10.58052/IEWDR01VR,Sediment,0.185,0.031,N/A
N/A,EC_064_SFE-D4,10.58052/IEWDR01VR,Sediment,0.173,0.029,N/A
N/A,EC_064_SFE-D5,10.58052/IEWDR01VR,Sediment,SFE_Below_0.018_ppm_LOD|0.005_ppm_Raw_Not_Corrected|0.03_ppm_Final_Corrected,SFE_Below_0.018_ppm_LOD|0.005_ppm_Raw_Not_Corrected|0.005_ppm_Final_Corrected,DTL_003
N/A,EC_064_SFE-W1,10.58052/IEWDR01VR,Sediment,0.36,0.061,INC_004
N/A,EC_064_SFE-W2,10.58052/IEWDR01VR,Sediment,SFE_Below_0_ppm_Standard|Negative_Value_Raw_Not_Corrected|-9999_ppm_Final_Corrected,SFE_Below_0_ppm_Standard|Negative_Value_Raw_Not_Corrected|-9999_ppm_Raw_Not_Corrected,DTL_003
N/A,EC_064_SFE-W3,10.58052/IEWDR01VR,Sediment,SFE_Below_0_ppm_Standard|Negative_Value_Raw_Not_Corrected|-9999_ppm_Final_Corrected,SFE_Below_0_ppm_Standard|Negative_Value_Raw_Not_Corrected|-9999_ppm_Raw_Not_Corrected,DTL_003
N/A,EC_064_SFE-W4,10.58052/IEWDR01VR,Sediment,0.245,0.041,N/A
N/A,EC_064_SFE-W5,10.58052/IEWDR01VR,Sediment,0.213,0.036,N/A
N/A,EC_065_SFE-D1,10.58052/IEWDR01ZQ,Sediment,0.425,0.124,N/A
N/A,EC_065_SFE-D2,10.58052/IEWDR01ZQ,Sediment,0.543,0.16,N/A
N/A,EC_065_SFE-D3,10.58052/IEWDR01ZQ,Sediment,0.639,0.189,N/A
N/A,EC_065_SFE-D4,10.58052/IEWDR01ZQ,Sediment,0.666,0.196,N/A
N/A,EC_065_SFE-D5,10.58052/IEWDR01ZQ,Sediment,0.487,0.142,N/A
N/A,EC_065_SFE-W1,10.58052/IEWDR01ZQ,Sediment,0.63,0.183,N/A
N/A,EC_065_SFE-W2,10.58052/IEWDR01ZQ,Sediment,0.646,0.19,N/A
N/A,EC_065_SFE-W3,10.58052/IEWDR01ZQ,Sediment,0.67,0.193,N/A
N/A,EC_065_SFE-W4,10.58052/IEWDR01ZQ,Sediment,0.649,0.187,N/A
N/A,EC_065_SFE-W5,10.58052/IEWDR01ZQ,Sediment,0.734,0.213,N/A
N/A,EC_066_SFE-D1,10.58052/IEWDR01VU,Sediment,0.101,0.032,N/A
N/A,EC_066_SFE-D2,10.58052/IEWDR01VU,Sediment,0.18,0.056,N/A
N/A,EC_066_SFE-D3,10.58052/IEWDR01VU,Sediment,0.193,0.06,N/A
N/A,EC_066_SFE-D4,10.58052/IEWDR01VU,Sediment,0.188,0.059,N/A
N/A,EC_066_SFE-D5,10.58052/IEWDR01VU,Sediment,0.149,0.046,N/A
N/A,EC_066_SFE-W1,10.58052/IEWDR01VU,Sediment,0.191,0.06,N/A
N/A,EC_066_SFE-W2,10.58052/IEWDR01VU,Sediment,0.144,0.045,N/A
N/A,EC_066_SFE-W3,10.58052/IEWDR01VU,Sediment,0.17,0.053,N/A
N/A,EC_066_SFE-W4,10.58052/IEWDR01VU,Sediment,0.154,0.048,N/A
N/A,EC_066_SFE-W5,10.58052/IEWDR01VU,Sediment,0.184,0.058,N/A
N/A,EC_068_SFE-D1,10.58052/IEWDR01VX,Sediment,3.325,0.524,N/A
N/A,EC_068_SFE-D2,10.58052/IEWDR01VX,Sediment,5.298,0.835,N/A
N/A,EC_068_SFE-D3,10.58052/IEWDR01VX,Sediment,5.553,0.881,N/A
N/A,EC_068_SFE-D4,10.58052/IEWDR01VX,Sediment,6.652,1.058,N/A
N/A,EC_068_SFE-D5,10.58052/IEWDR01VX,Sediment,7.092,1.128,N/A
N/A,EC_068_SFE-W1,10.58052/IEWDR01VX,Sediment,7.72,1.223,N/A
N/A,EC_068_SFE-W2,10.58052/IEWDR01VX,Sediment,7.293,1.157,N/A
N/A,EC_068_SFE-W3,10.58052/IEWDR01VX,Sediment,6.915,1.093,N/A
N/A,EC_068_SFE-W4,10.58052/IEWDR01VX,Sediment,7.574,1.197,N/A
N/A,EC_068_SFE-W5,10.58052/IEWDR01VX,Sediment,6.503,1.028,N/A
N/A,EC_069_SFE-D1,10.58052/IEWDR01W0,Sediment,0.261,0.082,N/A
N/A,EC_069_SFE-D2,10.58052/IEWDR01W0,Sediment,0.283,0.089,VI_ALL_007
N/A,EC_069_SFE-D3,10.58052/IEWDR01W0,Sediment,0.223,0.07,N/A
N/A,EC_069_SFE-D4,10.58052/IEWDR01W0,Sediment,0.262,0.082,N/A
N/A,EC_069_SFE-D5,10.58052/IEWDR01W0,Sediment,0.228,0.072,N/A
N/A,EC_069_SFE-W1,10.58052/IEWDR01W0,Sediment,1.137,0.359,N/A
N/A,EC_069_SFE-W2,10.58052/IEWDR01W0,Sediment,0.887,0.28,N/A
N/A,EC_069_SFE-W3,10.58052/IEWDR01W0,Sediment,0.954,0.3,N/A
N/A,EC_069_SFE-W4,10.58052/IEWDR01W0,Sediment,1.008,0.316,N/A
N/A,EC_069_SFE-W5,10.58052/IEWDR01W0,Sediment,0.733,0.23,N/A
N/A,EC_070_SFE-D1,10.58052/IEWDR01W3,Sediment,1.032,0.297,N/A
N/A,EC_070_SFE-D2,10.58052/IEWDR01W3,Sediment,1.081,0.311,N/A
N/A,EC_070_SFE-D3,10.58052/IEWDR01W3,Sediment,0.954,0.275,N/A
N/A,EC_070_SFE-D4,10.58052/IEWDR01W3,Sediment,1.243,0.358,SFE_RERUN_002
N/A,EC_070_SFE-D5,10.58052/IEWDR01W3,Sediment,0.978,0.283,N/A
N/A,EC_070_SFE-W1,10.58052/IEWDR01W3,Sediment,1.245,0.357,N/A
N/A,EC_070_SFE-W2,10.58052/IEWDR01W3,Sediment,1.135,0.325,N/A
N/A,EC_070_SFE-W3,10.58052/IEWDR01W3,Sediment,0.997,0.287,N/A
N/A,EC_070_SFE-W4,10.58052/IEWDR01W3,Sediment,0.957,0.275,N/A
N/A,EC_070_SFE-W5,10.58052/IEWDR01W3,Sediment,0.982,0.282,N/A
N/A,EC_071_SFE-D1,10.58052/IEWDR01W6,Sediment,0.227,0.045,VI_ALL_006
N/A,EC_071_SFE-D2,10.58052/IEWDR01W6,Sediment,0.486,0.096,VI_ALL_006
N/A,EC_071_SFE-D3,10.58052/IEWDR01W6,Sediment,0.308,0.061,VI_ALL_006
N/A,EC_071_SFE-D4,10.58052/IEWDR01W6,Sediment,0.61,0.12,VI_ALL_006
N/A,EC_071_SFE-D5,10.58052/IEWDR01W6,Sediment,0.373,0.074,VI_ALL_006
N/A,EC_071_SFE-W1,10.58052/IEWDR01W6,Sediment,1.844,0.365,VI_ALL_006
N/A,EC_071_SFE-W2,10.58052/IEWDR01W6,Sediment,2.07,0.41,VI_ALL_006
N/A,EC_071_SFE-W3,10.58052/IEWDR01W6,Sediment,1.543,0.306,VI_ALL_006
N/A,EC_071_SFE-W4,10.58052/IEWDR01W6,Sediment,1.543,0.305,VI_ALL_006
N/A,EC_071_SFE-W5,10.58052/IEWDR01W6,Sediment,1.573,0.312,VI_ALL_006
N/A,EC_072_SFE-D1,10.58052/IEWDR01W9,Sediment,1.006,0.199,N/A
N/A,EC_072_SFE-D2,10.58052/IEWDR01W9,Sediment,0.428,0.085,N/A
N/A,EC_072_SFE-D3,10.58052/IEWDR01W9,Sediment,0.391,0.077,N/A
N/A,EC_072_SFE-D4,10.58052/IEWDR01W9,Sediment,0.212,0.042,N/A
N/A,EC_072_SFE-D5,10.58052/IEWDR01W9,Sediment,-9999,-9999,INC_Method_001
N/A,EC_072_SFE-W1,10.58052/IEWDR01W9,Sediment,1.484,0.293,N/A
N/A,EC_072_SFE-W2,10.58052/IEWDR01W9,Sediment,0.451,0.089,N/A
N/A,EC_072_SFE-W3,10.58052/IEWDR01W9,Sediment,1.038,0.205,N/A
N/A,EC_072_SFE-W4,10.58052/IEWDR01W9,Sediment,0.862,0.17,N/A
N/A,EC_072_SFE-W5,10.58052/IEWDR01W9,Sediment,-9999,-9999,INC_Method_001
N/A,EC_073_SFE-D1,10.58052/IEWDR01WC,Sediment,1.017,0.209,N/A
N/A,EC_073_SFE-D2,10.58052/IEWDR01WC,Sediment,0.829,0.171,N/A
N/A,EC_073_SFE-D3,10.58052/IEWDR01WC,Sediment,0.967,0.2,N/A
N/A,EC_073_SFE-D4,10.58052/IEWDR01WC,Sediment,0.926,0.191,N/A
N/A,EC_073_SFE-D5,10.58052/IEWDR01WC,Sediment,1.05,0.216,N/A
N/A,EC_073_SFE-W1,10.58052/IEWDR01WC,Sediment,1.372,0.283,N/A
N/A,EC_073_SFE-W2,10.58052/IEWDR01WC,Sediment,1.112,0.23,N/A
N/A,EC_073_SFE-W3,10.58052/IEWDR01WC,Sediment,0.842,0.173,N/A
N/A,EC_073_SFE-W4,10.58052/IEWDR01WC,Sediment,1.305,0.269,N/A
N/A,EC_073_SFE-W5,10.58052/IEWDR01WC,Sediment,1.216,0.251,N/A
N/A,EC_074_SFE-D1,10.58052/IEWDR01WF,Sediment,0.1,0.033,N/A
N/A,EC_074_SFE-D2,10.58052/IEWDR01WF,Sediment,0.092,0.031,N/A
N/A,EC_074_SFE-D3,10.58052/IEWDR01WF,Sediment,0.098,0.033,N/A
N/A,EC_074_SFE-D4,10.58052/IEWDR01WF,Sediment,0.109,0.036,N/A
N/A,EC_074_SFE-D5,10.58052/IEWDR01WF,Sediment,0.057,0.019,N/A
N/A,EC_074_SFE-W1,10.58052/IEWDR01WF,Sediment,0.066,0.022,N/A
N/A,EC_074_SFE-W2,10.58052/IEWDR01WF,Sediment,0.072,0.024,N/A
N/A,EC_074_SFE-W3,10.58052/IEWDR01WF,Sediment,0.02,0.007,N/A
N/A,EC_074_SFE-W4,10.58052/IEWDR01WF,Sediment,0.093,0.031,N/A
N/A,EC_074_SFE-W5,10.58052/IEWDR01WF,Sediment,0.048,0.016,N/A
N/A,EC_075_SFE-D1,10.58052/IEWDR01WI,Sediment,0.976,0.281,N/A
N/A,EC_075_SFE-D2,10.58052/IEWDR01WI,Sediment,0.925,0.266,N/A
N/A,EC_075_SFE-D3,10.58052/IEWDR01WI,Sediment,0.997,0.288,N/A
N/A,EC_075_SFE-D4,10.58052/IEWDR01WI,Sediment,0.868,0.25,N/A
N/A,EC_075_SFE-D5,10.58052/IEWDR01WI,Sediment,0.959,0.278,N/A
N/A,EC_075_SFE-W1,10.58052/IEWDR01WI,Sediment,1.927,0.556,N/A
N/A,EC_075_SFE-W2,10.58052/IEWDR01WI,Sediment,2.065,0.595,N/A
N/A,EC_075_SFE-W3,10.58052/IEWDR01WI,Sediment,1.127,0.325,N/A
N/A,EC_075_SFE-W4,10.58052/IEWDR01WI,Sediment,1.643,0.472,N/A
N/A,EC_075_SFE-W5,10.58052/IEWDR01WI,Sediment,1.51,0.437,N/A
N/A,EC_076_SFE-D1,10.58052/IEWDR01WL,Sediment,0.248,0.076,N/A
N/A,EC_076_SFE-D2,10.58052/IEWDR01WL,Sediment,0.225,0.069,N/A
N/A,EC_076_SFE-D3,10.58052/IEWDR01WL,Sediment,0.397,0.121,N/A
N/A,EC_076_SFE-D4,10.58052/IEWDR01WL,Sediment,0.198,0.061,N/A
N/A,EC_076_SFE-D5,10.58052/IEWDR01WL,Sediment,0.142,0.043,N/A
N/A,EC_076_SFE-W1,10.58052/IEWDR01WL,Sediment,0.457,0.138,N/A
N/A,EC_076_SFE-W2,10.58052/IEWDR01WL,Sediment,0.392,0.121,N/A
N/A,EC_076_SFE-W3,10.58052/IEWDR01WL,Sediment,0.399,0.122,N/A
N/A,EC_076_SFE-W4,10.58052/IEWDR01WL,Sediment,0.515,0.157,N/A
N/A,EC_076_SFE-W5,10.58052/IEWDR01WL,Sediment,0.437,0.134,N/A
N/A,EC_078_SFE-D1,10.58052/IEWDR01WR,Sediment,0.792,0.181,N/A
N/A,EC_078_SFE-D2,10.58052/IEWDR01WR,Sediment,0.744,0.172,N/A
N/A,EC_078_SFE-D3,10.58052/IEWDR01WR,Sediment,0.654,0.151,N/A
N/A,EC_078_SFE-D4,10.58052/IEWDR01WR,Sediment,0.646,0.15,N/A
N/A,EC_078_SFE-D5,10.58052/IEWDR01WR,Sediment,0.655,0.15,N/A
N/A,EC_078_SFE-W1,10.58052/IEWDR01WR,Sediment,2.717,0.62,N/A
N/A,EC_078_SFE-W2,10.58052/IEWDR01WR,Sediment,1.637,0.378,N/A
N/A,EC_078_SFE-W3,10.58052/IEWDR01WR,Sediment,2.005,0.465,N/A
N/A,EC_078_SFE-W4,10.58052/IEWDR01WR,Sediment,1.353,0.312,N/A
N/A,EC_078_SFE-W5,10.58052/IEWDR01WR,Sediment,1.076,0.248,N/A
N/A,EC_080_SFE-D1,10.58052/IEWDR01WX,Sediment,2.661,0.209,N/A
N/A,EC_080_SFE-D2,10.58052/IEWDR01WX,Sediment,3.418,0.268,N/A
N/A,EC_080_SFE-D3,10.58052/IEWDR01WX,Sediment,2.485,0.196,N/A
N/A,EC_080_SFE-D4,10.58052/IEWDR01WX,Sediment,3.035,0.239,N/A
N/A,EC_080_SFE-D5,10.58052/IEWDR01WX,Sediment,2.855,0.225,N/A
N/A,EC_080_SFE-W1,10.58052/IEWDR01WX,Sediment,3.271,0.256,N/A
N/A,EC_080_SFE-W2,10.58052/IEWDR01WX,Sediment,3.198,0.251,N/A
N/A,EC_080_SFE-W3,10.58052/IEWDR01WX,Sediment,3.475,0.272,N/A
N/A,EC_080_SFE-W4,10.58052/IEWDR01WX,Sediment,2.842,0.223,N/A
N/A,EC_080_SFE-W5,10.58052/IEWDR01WX,Sediment,3.113,0.244,N/A
N/A,EC_081_SFE-D1,10.58052/IEWDR01X0,Sediment,0.463,0.136,N/A
N/A,EC_081_SFE-D2,10.58052/IEWDR01X0,Sediment,0.293,0.087,N/A
N/A,EC_081_SFE-D3,10.58052/IEWDR01X0,Sediment,0.352,0.102,N/A
N/A,EC_081_SFE-D4,10.58052/IEWDR01X0,Sediment,0.316,0.092,N/A
N/A,EC_081_SFE-D5,10.58052/IEWDR01X0,Sediment,0.477,0.14,N/A
N/A,EC_081_SFE-W1,10.58052/IEWDR01X0,Sediment,0.751,0.218,N/A
N/A,EC_081_SFE-W2,10.58052/IEWDR01X0,Sediment,0.734,0.207,N/A
N/A,EC_081_SFE-W3,10.58052/IEWDR01X0,Sediment,0.683,0.195,N/A
N/A,EC_081_SFE-W4,10.58052/IEWDR01X0,Sediment,0.608,0.18,N/A
N/A,EC_081_SFE-W5,10.58052/IEWDR01X0,Sediment,0.599,0.177,N/A
N/A,EC_082_SFE-D1,10.58052/IEWDR01X3,Sediment,0.329,0.1,N/A
N/A,EC_082_SFE-D2,10.58052/IEWDR01X3,Sediment,0.385,0.114,N/A
N/A,EC_082_SFE-D3,10.58052/IEWDR01X3,Sediment,0.385,0.113,N/A
N/A,EC_082_SFE-D4,10.58052/IEWDR01X3,Sediment,0.338,0.104,N/A
N/A,EC_082_SFE-D5,10.58052/IEWDR01X3,Sediment,0.355,0.104,N/A
N/A,EC_082_SFE-W1,10.58052/IEWDR01X3,Sediment,0.376,0.11,N/A
N/A,EC_082_SFE-W2,10.58052/IEWDR01X3,Sediment,0.48,0.14,N/A
N/A,EC_082_SFE-W3,10.58052/IEWDR01X3,Sediment,0.452,0.134,N/A
N/A,EC_082_SFE-W4,10.58052/IEWDR01X3,Sediment,0.394,0.118,N/A
N/A,EC_082_SFE-W5,10.58052/IEWDR01X3,Sediment,0.348,0.102,N/A
N/A,EC_084_SFE-D1,10.58052/IEWDR01X6,Sediment,0.492,0.136,N/A
N/A,EC_084_SFE-D2,10.58052/IEWDR01X6,Sediment,0.573,0.159,N/A
N/A,EC_084_SFE-D3,10.58052/IEWDR01X6,Sediment,0.41,0.113,N/A
N/A,EC_084_SFE-D4,10.58052/IEWDR01X6,Sediment,0.363,0.1,N/A
N/A,EC_084_SFE-D5,10.58052/IEWDR01X6,Sediment,0.378,0.104,N/A
N/A,EC_084_SFE-W1,10.58052/IEWDR01X6,Sediment,1.357,0.374,N/A
N/A,EC_084_SFE-W2,10.58052/IEWDR01X6,Sediment,0.447,0.124,N/A
N/A,EC_084_SFE-W3,10.58052/IEWDR01X6,Sediment,0.326,0.09,N/A
N/A,EC_084_SFE-W4,10.58052/IEWDR01X6,Sediment,0.385,0.106,N/A
N/A,EC_084_SFE-W5,10.58052/IEWDR01X6,Sediment,0.406,0.114,N/A
N/A,EC_085_SFE-D1,10.58052/IEWDR01X9,Sediment,0.948,0.276,N/A
N/A,EC_085_SFE-D2,10.58052/IEWDR01X9,Sediment,0.92,0.269,N/A
N/A,EC_085_SFE-D3,10.58052/IEWDR01X9,Sediment,0.903,0.264,N/A
N/A,EC_085_SFE-D4,10.58052/IEWDR01X9,Sediment,0.967,0.283,N/A
N/A,EC_085_SFE-D5,10.58052/IEWDR01X9,Sediment,0.933,0.274,N/A
N/A,EC_085_SFE-W1,10.58052/IEWDR01X9,Sediment,2.984,0.874,N/A
N/A,EC_085_SFE-W2,10.58052/IEWDR01X9,Sediment,3.315,0.964,N/A
N/A,EC_085_SFE-W3,10.58052/IEWDR01X9,Sediment,3.316,0.973,N/A
N/A,EC_085_SFE-W4,10.58052/IEWDR01X9,Sediment,3.542,1.034,N/A
N/A,EC_085_SFE-W5,10.58052/IEWDR01X9,Sediment,3.599,1.053,N/A
N/A,EC_088_SFE-D1,10.58052/IEWDR01XC,Sediment,0.451,0.12,N/A
N/A,EC_088_SFE-D2,10.58052/IEWDR01XC,Sediment,0.647,0.172,N/A
N/A,EC_088_SFE-D3,10.58052/IEWDR01XC,Sediment,1.281,0.341,N/A
N/A,EC_088_SFE-D4,10.58052/IEWDR01XC,Sediment,0.502,0.134,N/A
N/A,EC_088_SFE-D5,10.58052/IEWDR01XC,Sediment,0.517,0.138,N/A
N/A,EC_088_SFE-W1,10.58052/IEWDR01XC,Sediment,2.171,0.575,SFE_RERUN_002
N/A,EC_088_SFE-W2,10.58052/IEWDR01XC,Sediment,1.862,0.496,N/A
N/A,EC_088_SFE-W3,10.58052/IEWDR01XC,Sediment,1.698,0.451,N/A
N/A,EC_088_SFE-W4,10.58052/IEWDR01XC,Sediment,1.786,0.477,N/A
N/A,EC_088_SFE-W5,10.58052/IEWDR01XC,Sediment,1.763,0.468,N/A
N/A,EC_089_SFE-D1,10.58052/IEWDR01ZU,Sediment,0.425,0.13,N/A
N/A,EC_089_SFE-D2,10.58052/IEWDR01ZU,Sediment,0.386,0.12,N/A
N/A,EC_089_SFE-D3,10.58052/IEWDR01ZU,Sediment,0.416,0.129,N/A
N/A,EC_089_SFE-D4,10.58052/IEWDR01ZU,Sediment,0.561,0.173,N/A
N/A,EC_089_SFE-D5,10.58052/IEWDR01ZU,Sediment,0.631,0.192,N/A
N/A,EC_089_SFE-W1,10.58052/IEWDR01ZU,Sediment,0.653,0.198,N/A
N/A,EC_089_SFE-W2,10.58052/IEWDR01ZU,Sediment,0.579,0.176,N/A
N/A,EC_089_SFE-W3,10.58052/IEWDR01ZU,Sediment,0.535,0.161,N/A
N/A,EC_089_SFE-W4,10.58052/IEWDR01ZU,Sediment,0.474,0.145,N/A
N/A,EC_089_SFE-W5,10.58052/IEWDR01ZU,Sediment,0.686,0.21,N/A
N/A,EC_090_SFE-D1,10.58052/IEWDR01ZV,Sediment,0.749,0.252,N/A
N/A,EC_090_SFE-D2,10.58052/IEWDR01ZV,Sediment,0.706,0.24,N/A
N/A,EC_090_SFE-D3,10.58052/IEWDR01ZV,Sediment,0.8,0.275,N/A
N/A,EC_090_SFE-D4,10.58052/IEWDR01ZV,Sediment,0.692,0.236,N/A
N/A,EC_090_SFE-D5,10.58052/IEWDR01ZV,Sediment,0.859,0.291,N/A
N/A,EC_090_SFE-W1,10.58052/IEWDR01ZV,Sediment,2.679,0.899,N/A
N/A,EC_090_SFE-W2,10.58052/IEWDR01ZV,Sediment,0.069,0.023,N/A
N/A,EC_090_SFE-W3,10.58052/IEWDR01ZV,Sediment,1.911,0.644,N/A
N/A,EC_090_SFE-W4,10.58052/IEWDR01ZV,Sediment,2.385,0.813,N/A
N/A,EC_090_SFE-W5,10.58052/IEWDR01ZV,Sediment,2.537,0.854,N/A
N/A,EC_091_SFE-D1,10.58052/IEWDR01ZW,Sediment,0.564,0.169,N/A
N/A,EC_091_SFE-D2,10.58052/IEWDR01ZW,Sediment,0.849,0.255,N/A
N/A,EC_091_SFE-D3,10.58052/IEWDR01ZW,Sediment,0.485,0.145,N/A
N/A,EC_091_SFE-D4,10.58052/IEWDR01ZW,Sediment,0.775,0.237,N/A
N/A,EC_091_SFE-D5,10.58052/IEWDR01ZW,Sediment,0.434,0.128,N/A
N/A,EC_091_SFE-W1,10.58052/IEWDR01ZW,Sediment,0.955,0.287,N/A
N/A,EC_091_SFE-W2,10.58052/IEWDR01ZW,Sediment,0.83,0.253,N/A
N/A,EC_091_SFE-W3,10.58052/IEWDR01ZW,Sediment,0.908,0.268,N/A
N/A,EC_091_SFE-W4,10.58052/IEWDR01ZW,Sediment,0.819,0.248,N/A
N/A,EC_091_SFE-W5,10.58052/IEWDR01ZW,Sediment,0.826,0.245,N/A
N/A,EC_092_SFE-D1,10.58052/IEWDR01ZX,Sediment,0.193,0.064,N/A
N/A,EC_092_SFE-D2,10.58052/IEWDR01ZX,Sediment,0.123,0.042,N/A
N/A,EC_092_SFE-D3,10.58052/IEWDR01ZX,Sediment,0.131,0.044,N/A
N/A,EC_092_SFE-D4,10.58052/IEWDR01ZX,Sediment,0.202,0.068,N/A
N/A,EC_092_SFE-D5,10.58052/IEWDR01ZX,Sediment,0.151,0.05,N/A
N/A,EC_092_SFE-W1,10.58052/IEWDR01ZX,Sediment,0.338,0.114,N/A
N/A,EC_092_SFE-W2,10.58052/IEWDR01ZX,Sediment,0.326,0.107,N/A
N/A,EC_092_SFE-W3,10.58052/IEWDR01ZX,Sediment,0.319,0.104,N/A
N/A,EC_092_SFE-W4,10.58052/IEWDR01ZX,Sediment,0.317,0.106,N/A
N/A,EC_092_SFE-W5,10.58052/IEWDR01ZX,Sediment,0.308,0.102,N/A
N/A,EC_093_SFE-D1,10.58052/IEWDR01ZY,Sediment,0.198,0.064,N/A
N/A,EC_093_SFE-D2,10.58052/IEWDR01ZY,Sediment,0.186,0.061,N/A
N/A,EC_093_SFE-D3,10.58052/IEWDR01ZY,Sediment,0.19,0.062,N/A
N/A,EC_093_SFE-D4,10.58052/IEWDR01ZY,Sediment,0.22,0.072,N/A
N/A,EC_093_SFE-D5,10.58052/IEWDR01ZY,Sediment,0.213,0.071,N/A
N/A,EC_093_SFE-W1,10.58052/IEWDR01ZY,Sediment,0.216,0.071,N/A
N/A,EC_093_SFE-W2,10.58052/IEWDR01ZY,Sediment,0.201,0.065,N/A
N/A,EC_093_SFE-W3,10.58052/IEWDR01ZY,Sediment,0.215,0.069,N/A
N/A,EC_093_SFE-W4,10.58052/IEWDR01ZY,Sediment,0.18,0.058,N/A
N/A,EC_093_SFE-W5,10.58052/IEWDR01ZY,Sediment,0.202,0.066,N/A
N/A,EC_094_SFE-D1,10.58052/IEWDR01ZZ,Sediment,1.151,0.355,N/A
N/A,EC_094_SFE-D2,10.58052/IEWDR01ZZ,Sediment,1.218,0.375,N/A
N/A,EC_094_SFE-D3,10.58052/IEWDR01ZZ,Sediment,1.285,0.399,N/A
N/A,EC_094_SFE-D4,10.58052/IEWDR01ZZ,Sediment,1.634,0.498,N/A
N/A,EC_094_SFE-D5,10.58052/IEWDR01ZZ,Sediment,1.381,0.423,N/A
N/A,EC_094_SFE-W1,10.58052/IEWDR01ZZ,Sediment,1.465,0.447,N/A
N/A,EC_094_SFE-W2,10.58052/IEWDR01ZZ,Sediment,1.392,0.433,N/A
N/A,EC_094_SFE-W3,10.58052/IEWDR01ZZ,Sediment,1.37,0.415,N/A
N/A,EC_094_SFE-W4,10.58052/IEWDR01ZZ,Sediment,1.629,0.505,N/A
N/A,EC_094_SFE-W5,10.58052/IEWDR01ZZ,Sediment,1.582,0.489,N/A
N/A,EC_095_SFE-D1,10.58052/IEWDR0200,Sediment,0.159,0.038,N/A
N/A,EC_095_SFE-D2,10.58052/IEWDR0200,Sediment,0.061,0.015,N/A
N/A,EC_095_SFE-D3,10.58052/IEWDR0200,Sediment,0.077,0.018,N/A
N/A,EC_095_SFE-D4,10.58052/IEWDR0200,Sediment,0.076,0.018,N/A
N/A,EC_095_SFE-D5,10.58052/IEWDR0200,Sediment,0.069,0.016,N/A
N/A,EC_095_SFE-W1,10.58052/IEWDR0200,Sediment,3.03,0.712,N/A
N/A,EC_095_SFE-W2,10.58052/IEWDR0200,Sediment,0.07,0.017,N/A
N/A,EC_095_SFE-W3,10.58052/IEWDR0200,Sediment,2.717,0.65,N/A
N/A,EC_095_SFE-W4,10.58052/IEWDR0200,Sediment,0.069,0.017,N/A
N/A,EC_095_SFE-W5,10.58052/IEWDR0200,Sediment,1.622,0.389,N/A
#End_Data,,,,,,
