#Columns,10
#Header_Rows,12
Field_Name,Sample_Name,IGSN,Material,Initial_Water_Mass_g,Final_Water_Mass_g,Dry_Sediment_Mass_g,62948_Initial_Gravimetric_Moisture_g_per_g,62948_Final_Gravimetric_Moisture_g_per_g,Incubation_Water_Mass_g,Methods_Deviation
Unit,N/A,N/A,N/A,grams,grams,grams,grams_per_gram,grams_per_gram,grams,N/A
Unit_Basis,N/A,N/A,N/A,as_Water,as_Water,as_Dry_Sediment,as_grams_Water_per_gram_Dry_Sediment,as_grams_Water_per_gram_Dry_Sediment,as_Water,N/A
MethodID_Analysis,N/A,N/A,N/A,INC_T_AN_004,INC_T_AN_004,INC_T_AN_004,INC_T_AN_004,INC_T_AN_004,INC_T_AN_004,N/A
MethodID_Inspection,N/A,N/A,N/A,INC_T_IN_004,INC_T_IN_004,INC_T_IN_004,INC_T_IN_004,INC_T_IN_004,INC_T_IN_004,N/A
MethodID_Storage,N/A,N/A,N/A,INC_T_ST_004,INC_T_ST_004,INC_T_ST_004,INC_T_ST_004,INC_T_ST_004,INC_T_ST_004,N/A
MethodID_Preservation,N/A,N/A,N/A,INC_T_PRES_004,INC_T_PRES_004,INC_T_PRES_004,INC_T_PRES_004,INC_T_PRES_004,INC_T_PRES_004,N/A
MethodID_Preparation,N/A,N/A,N/A,INC_T_PREP_004,INC_T_PREP_004,INC_T_PREP_004,INC_T_PREP_004,INC_T_PREP_004,INC_T_PREP_004,N/A
MethodID_DataProcessing,N/A,N/A,N/A,INC_T_DP_004,INC_T_DP_004,INC_T_DP_004,INC_T_DP_004,INC_T_DP_004,INC_T_DP_004,N/A
Analysis_DetectionLimit,-9999,-9999,-9999,-9999,-9999,-9999,-9999,-9999,-9999,N/A
Analysis_Precision,-9999,-9999,-9999,-9999,-9999,-9999,-9999,-9999,-9999,N/A
Data_Status,N/A,N/A,N/A,ready_to_use,ready_to_use,ready_to_use,ready_to_use,ready_to_use,ready_to_use,N/A
#Start_Data,EC_005_INC-D1,10.58052/IEWDR01Q9,Sediment,4.31,2.4,15.77,0.27,0.15,50.74,INC_QA_005
N/A,EC_005_INC-D2,10.58052/IEWDR01Q9,Sediment,4.29,1.92,15.71,0.27,0.12,50.76,INC_QA_005
N/A,EC_005_INC-D3,10.58052/IEWDR01Q9,Sediment,4.3,2.28,15.73,0.27,0.14,50.76,INC_QA_005
N/A,EC_005_INC-D4,10.58052/IEWDR01Q9,Sediment,4.28,1.84,15.65,0.27,0.12,50.79,INC_QA_005
N/A,EC_005_INC-D5,10.58052/IEWDR01Q9,Sediment,4.29,1.97,15.68,0.27,0.13,50.77,INC_QA_005
N/A,EC_005_INC-W1,10.58052/IEWDR01Q9,Sediment,8.34,8.34,15.74,0.53,0.53,50.75,INC_QA_005
N/A,EC_005_INC-W2,10.58052/IEWDR01Q9,Sediment,8.3,8.3,15.74,0.53,0.53,50.75,INC_QA_005
N/A,EC_005_INC-W3,10.58052/IEWDR01Q9,Sediment,8.32,8.32,15.79,0.53,0.53,50.73,INC_QA_005
N/A,EC_005_INC-W4,10.58052/IEWDR01Q9,Sediment,8.31,8.31,15.77,0.53,0.53,50.74,INC_QA_005
N/A,EC_005_INC-W5,10.58052/IEWDR01Q9,Sediment,8.29,8.29,15.71,0.53,0.53,50.76,INC_QA_005
N/A,EC_009_INC-D1,10.58052/IEWDR01UU,Sediment,5.35,3.36,14.72,0.36,0.23,51.25,INC_QA_005
N/A,EC_009_INC-D2,10.58052/IEWDR01UU,Sediment,5.35,3.38,14.74,0.36,0.23,51.25,INC_QA_005
N/A,EC_009_INC-D3,10.58052/IEWDR01UU,Sediment,5.34,3.35,14.69,0.36,0.23,51.26,INC_QA_005
N/A,EC_009_INC-D4,10.58052/IEWDR01UU,Sediment,5.32,3.37,14.65,0.36,0.23,51.29,INC_QA_005
N/A,EC_009_INC-D5,10.58052/IEWDR01UU,Sediment,5.32,3.38,14.65,0.36,0.23,51.29,INC_QA_005
N/A,EC_009_INC-W1,10.58052/IEWDR01UU,Sediment,8.28,8.28,14.63,0.57,0.57,51.29,INC_QA_005
N/A,EC_009_INC-W2,10.58052/IEWDR01UU,Sediment,8.31,8.31,14.67,0.57,0.57,51.27,INC_QA_005
N/A,EC_009_INC-W3,10.58052/IEWDR01UU,Sediment,8.3,8.3,14.65,0.57,0.57,51.29,INC_QA_005
N/A,EC_009_INC-W4,10.58052/IEWDR01UU,Sediment,8.34,8.34,14.71,0.57,0.57,51.26,INC_QA_005
N/A,EC_009_INC-W5,10.58052/IEWDR01UU,Sediment,8.34,8.34,14.71,0.57,0.57,51.26,INC_QA_005
N/A,EC_011_INC-D1,10.58052/IEWDR01QE,Sediment,7.09,3.38,13.12,0.54,0.26,52.1,INC_QA_005
N/A,EC_011_INC-D2,10.58052/IEWDR01QE,Sediment,7.06,2.5,13.08,0.54,0.19,52.12,INC_QA_005
N/A,EC_011_INC-D3,10.58052/IEWDR01QE,Sediment,7.09,3.66,13.12,0.54,0.28,52.1,INC_QA_005
N/A,EC_011_INC-D4,10.58052/IEWDR01QE,Sediment,7.09,2.16,13.12,0.54,0.16,52.1,INC_QA_005
N/A,EC_011_INC-D5,10.58052/IEWDR01QE,Sediment,7.07,3.07,13.09,0.54,0.23,52.12,INC_QA_005
N/A,EC_011_INC-W1,10.58052/IEWDR01QE,Sediment,27.02,24.1,12.99,2.08,1.86,52.16,INC_008; INC_QA_005
N/A,EC_011_INC-W2,10.58052/IEWDR01QE,Sediment,27.08,23.61,12.98,2.09,1.82,52.16,INC_008; INC_QA_005
N/A,EC_011_INC-W3,10.58052/IEWDR01QE,Sediment,27.05,24.09,12.98,2.08,1.86,52.16,INC_008; INC_QA_005
N/A,EC_011_INC-W4,10.58052/IEWDR01QE,Sediment,27.11,24.36,13.04,2.08,1.87,52.14,INC_008; INC_QA_005
N/A,EC_011_INC-W5,10.58052/IEWDR01QE,Sediment,27.12,24.56,13,2.09,1.89,52.15,INC_008; INC_QA_005
N/A,EC_012_INC-D1,10.58052/IEWDR01QF,Sediment,8.97,5.04,11.3,0.79,0.45,52.72,INC_QA_005
N/A,EC_012_INC-D2,10.58052/IEWDR01QF,Sediment,8.91,4.63,11.22,0.79,0.41,52.75,INC_QA_005
N/A,EC_012_INC-D3,10.58052/IEWDR01QF,Sediment,8.97,4.83,11.31,0.79,0.43,52.71,INC_QA_005
N/A,EC_012_INC-D4,10.58052/IEWDR01QF,Sediment,8.96,4.46,11.29,0.79,0.39,52.72,INC_QA_005
N/A,EC_012_INC-D5,10.58052/IEWDR01QF,Sediment,4.3,0.57,5.43,0.79,0.11,55.19,INC_Method_002; INC_QA_005
N/A,EC_012_INC-W1,10.58052/IEWDR01QF,Sediment,29.06,24.62,11.19,2.6,2.2,52.76,INC_008; INC_QA_005
N/A,EC_012_INC-W2,10.58052/IEWDR01QF,Sediment,28.88,24.95,11.12,2.6,2.24,52.79,INC_008; INC_QA_005
N/A,EC_012_INC-W3,10.58052/IEWDR01QF,Sediment,28.97,25.78,11.15,2.6,2.31,52.78,INC_008; INC_QA_005
N/A,EC_012_INC-W4,10.58052/IEWDR01QF,Sediment,28.89,25.22,11.12,2.6,2.27,52.79,INC_008; INC_QA_005
N/A,EC_012_INC-W5,10.58052/IEWDR01QF,Sediment,28.87,24.42,11.17,2.58,2.18,52.77,INC_008; INC_QA_005
N/A,EC_013_INC-D1,10.58052/IEWDR01QG,Sediment,10.07,8.61,9.9,1.02,0.87,53.17,INC_QA_005
N/A,EC_013_INC-D2,10.58052/IEWDR01QG,Sediment,10.09,8.8,9.92,1.02,0.89,53.16,INC_QA_005
N/A,EC_013_INC-D3,10.58052/IEWDR01QG,Sediment,10.07,8.67,9.91,1.02,0.88,53.17,INC_QA_005
N/A,EC_013_INC-D4,10.58052/IEWDR01QG,Sediment,10.09,8.63,9.92,1.02,0.87,53.16,INC_QA_005
N/A,EC_013_INC-D5,10.58052/IEWDR01QG,Sediment,10.08,8.8,9.92,1.02,0.89,53.17,INC_QA_005
N/A,EC_013_INC-W1,10.58052/IEWDR01QG,Sediment,13.07,13.07,9.91,1.32,1.32,53.17,INC_QA_005
N/A,EC_013_INC-W2,10.58052/IEWDR01QG,Sediment,13.07,13.07,9.94,1.31,1.31,53.15,INC_QA_005
N/A,EC_013_INC-W3,10.58052/IEWDR01QG,Sediment,13.04,13.04,9.93,1.31,1.31,53.16,INC_QA_005
N/A,EC_013_INC-W4,10.58052/IEWDR01QG,Sediment,13.01,13,9.92,1.31,1.31,53.16,INC_QA_005
N/A,EC_013_INC-W5,10.58052/IEWDR01QG,Sediment,12.99,12.99,9.92,1.31,1.31,53.16,INC_QA_005
N/A,EC_014_INC-D1,10.58052/IEWDR01QH,Sediment,7.63,6.4,12.44,0.61,0.51,51.97,INC_QA_005
N/A,EC_014_INC-D2,10.58052/IEWDR01QH,Sediment,7.62,6.56,12.42,0.61,0.53,51.98,INC_QA_005
N/A,EC_014_INC-D3,10.58052/IEWDR01QH,Sediment,7.61,6.1,12.42,0.61,0.49,51.98,INC_QA_005
N/A,EC_014_INC-D4,10.58052/IEWDR01QH,Sediment,7.61,6.37,12.42,0.61,0.51,51.98,INC_QA_005
N/A,EC_014_INC-D5,10.58052/IEWDR01QH,Sediment,7.6,6.1,12.4,0.61,0.49,51.99,INC_QA_005
N/A,EC_014_INC-W1,10.58052/IEWDR01QH,Sediment,10.57,10.57,12.42,0.85,0.85,51.98,INC_QA_005
N/A,EC_014_INC-W2,10.58052/IEWDR01QH,Sediment,10.57,10.56,12.38,0.85,0.85,52,INC_QA_005
N/A,EC_014_INC-W3,10.58052/IEWDR01QH,Sediment,10.61,11.57,12.4,0.86,0.93,51.98,INC_QA_005
N/A,EC_014_INC-W4,10.58052/IEWDR01QH,Sediment,10.62,10.62,12.45,0.85,0.85,51.96,INC_QA_005
N/A,EC_014_INC-W5,10.58052/IEWDR01QH,Sediment,10.62,10.62,12.38,0.86,0.86,51.99,INC_QA_005
N/A,EC_017_INC-D1,10.58052/IEWDR01QK,Sediment,4.02,1.67,15.89,0.25,0.11,50.41,INC_QA_005
N/A,EC_017_INC-D2,10.58052/IEWDR01QK,Sediment,4.03,1.73,15.93,0.25,0.11,50.39,INC_QA_005
N/A,EC_017_INC-D3,10.58052/IEWDR01QK,Sediment,4.05,1.86,15.99,0.25,0.12,50.37,INC_QA_005
N/A,EC_017_INC-D4,10.58052/IEWDR01QK,Sediment,4.03,1.84,15.89,0.25,0.12,50.41,INC_QA_005
N/A,EC_017_INC-D5,10.58052/IEWDR01QK,Sediment,4.06,1.88,16.05,0.25,0.12,50.34,INC_QA_005
N/A,EC_017_INC-W1,10.58052/IEWDR01QK,Sediment,8.49,8.49,15.9,0.53,0.53,50.4,INC_QA_005
N/A,EC_017_INC-W2,10.58052/IEWDR01QK,Sediment,8.52,8.52,15.94,0.53,0.53,50.39,INC_QA_005
N/A,EC_017_INC-W3,10.58052/IEWDR01QK,Sediment,8.55,8.55,16.02,0.53,0.53,50.35,INC_QA_005
N/A,EC_017_INC-W4,10.58052/IEWDR01QK,Sediment,8.53,8.53,15.9,0.54,0.54,50.4,INC_QA_005
N/A,EC_017_INC-W5,10.58052/IEWDR01QK,Sediment,8.58,8.58,15.92,0.54,0.54,50.39,INC_QA_005
N/A,EC_018_INC-D1,10.58052/IEWDR01QL,Sediment,6.64,5.57,13.36,0.5,0.42,51.63,INC_QA_005
N/A,EC_018_INC-D2,10.58052/IEWDR01QL,Sediment,6.64,5.64,13.37,0.5,0.42,51.63,INC_QA_005
N/A,EC_018_INC-D3,10.58052/IEWDR01QL,Sediment,6.63,5.6,13.34,0.5,0.42,51.64,INC_QA_005
N/A,EC_018_INC-D4,10.58052/IEWDR01QL,Sediment,6.63,5.68,13.36,0.5,0.43,51.64,INC_QA_005
N/A,EC_018_INC-D5,10.58052/IEWDR01QL,Sediment,6.64,5.53,13.38,0.5,0.41,51.63,INC_QA_005
N/A,EC_018_INC-W1,10.58052/IEWDR01QL,Sediment,9.61,9.61,13.34,0.72,0.72,51.65,INC_QA_005
N/A,EC_018_INC-W2,10.58052/IEWDR01QL,Sediment,9.61,9.6,13.33,0.72,0.72,51.65,INC_QA_005
N/A,EC_018_INC-W3,10.58052/IEWDR01QL,Sediment,9.67,9.67,13.35,0.72,0.72,51.64,INC_QA_005
N/A,EC_018_INC-W4,10.58052/IEWDR01QL,Sediment,9.54,9.54,13.38,0.71,0.71,51.63,INC_QA_005
N/A,EC_018_INC-W5,10.58052/IEWDR01QL,Sediment,9.63,9.59,13.36,0.72,0.72,51.64,INC_QA_005
N/A,EC_021_INC-D1,10.58052/IEWDR01QN,Sediment,4.1,2.34,15.99,0.26,0.15,50.36,INC_QA_005
N/A,EC_021_INC-D2,10.58052/IEWDR01QN,Sediment,4.1,2.19,15.97,0.26,0.14,50.36,INC_QA_005
N/A,EC_021_INC-D3,10.58052/IEWDR01QN,Sediment,4.08,2.43,15.89,0.26,0.15,50.4,INC_QA_005
N/A,EC_021_INC-D4,10.58052/IEWDR01QN,Sediment,4.02,2.1,15.64,0.26,0.13,50.5,INC_QA_005
N/A,EC_021_INC-D5,10.58052/IEWDR01QN,Sediment,4.08,2.07,15.88,0.26,0.13,50.4,INC_QA_005
N/A,EC_021_INC-W1,10.58052/IEWDR01QN,Sediment,12.61,12.61,15.95,0.79,0.79,50.37,INC_QA_005
N/A,EC_021_INC-W2,10.58052/IEWDR01QN,Sediment,9.11,9.11,15.93,0.57,0.57,50.38,INC_QA_005
N/A,EC_021_INC-W3,10.58052/IEWDR01QN,Sediment,9.11,9.11,15.87,0.57,0.57,50.41,INC_QA_005
N/A,EC_021_INC-W4,10.58052/IEWDR01QN,Sediment,9.03,9.03,15.92,0.57,0.57,50.39,INC_QA_005
N/A,EC_021_INC-W5,10.58052/IEWDR01QN,Sediment,9.06,9.06,15.9,0.57,0.57,50.39,INC_QA_005
N/A,EC_022_INC-D1,10.58052/IEWDR01QO,Sediment,4.33,2.56,15.67,0.28,0.16,50.64,INC_QA_005
N/A,EC_022_INC-D2,10.58052/IEWDR01QO,Sediment,4.31,2.62,15.56,0.28,0.17,50.69,INC_QA_005
N/A,EC_022_INC-D3,10.58052/IEWDR01QO,Sediment,4.31,2.45,15.57,0.28,0.16,50.68,INC_QA_005
N/A,EC_022_INC-D4,10.58052/IEWDR01QO,Sediment,4.35,2.39,15.73,0.28,0.15,50.62,INC_QA_005
N/A,EC_022_INC-D5,10.58052/IEWDR01QO,Sediment,4.32,2.36,15.62,0.28,0.15,50.66,INC_QA_005
N/A,EC_022_INC-W1,10.58052/IEWDR01QO,Sediment,8.32,8.31,15.63,0.53,0.53,50.65,INC_QA_005
N/A,EC_022_INC-W2,10.58052/IEWDR01QO,Sediment,8.23,8.23,15.7,0.52,0.52,50.63,INC_QA_005
N/A,EC_022_INC-W3,10.58052/IEWDR01QO,Sediment,8.22,8.22,15.66,0.53,0.53,50.65,INC_QA_005
N/A,EC_022_INC-W4,10.58052/IEWDR01QO,Sediment,8.22,8.22,15.67,0.52,0.52,50.64,INC_QA_005
N/A,EC_022_INC-W5,10.58052/IEWDR01QO,Sediment,8.25,8.25,15.67,0.53,0.53,50.64,INC_QA_005
N/A,EC_023_INC-D1,10.58052/IEWDR01QP,Sediment,-9999,-9999,-9999,-9999,-9999,-9999,MOI_002
N/A,EC_023_INC-D2,10.58052/IEWDR01QP,Sediment,-9999,-9999,-9999,-9999,-9999,-9999,MOI_002
N/A,EC_023_INC-D3,10.58052/IEWDR01QP,Sediment,-9999,-9999,-9999,-9999,-9999,-9999,MOI_002
N/A,EC_023_INC-D4,10.58052/IEWDR01QP,Sediment,-9999,-9999,-9999,-9999,-9999,-9999,MOI_002
N/A,EC_023_INC-D5,10.58052/IEWDR01QP,Sediment,-9999,-9999,-9999,-9999,-9999,-9999,MOI_002
N/A,EC_023_INC-W1,10.58052/IEWDR01QP,Sediment,-9999,-9999,-9999,-9999,-9999,-9999,MOI_002
N/A,EC_023_INC-W2,10.58052/IEWDR01QP,Sediment,-9999,-9999,-9999,-9999,-9999,-9999,MOI_002
N/A,EC_023_INC-W3,10.58052/IEWDR01QP,Sediment,-9999,-9999,-9999,-9999,-9999,-9999,MOI_002
N/A,EC_023_INC-W4,10.58052/IEWDR01QP,Sediment,-9999,-9999,-9999,-9999,-9999,-9999,MOI_002
N/A,EC_023_INC-W5,10.58052/IEWDR01QP,Sediment,-9999,-9999,-9999,-9999,-9999,-9999,MOI_002
N/A,EC_024_INC-D1,10.58052/IEWDR01QQ,Sediment,2.87,1.42,17.2,0.17,0.08,49.86,INC_QA_005
N/A,EC_024_INC-D2,10.58052/IEWDR01QQ,Sediment,2.86,1.32,17.14,0.17,0.08,49.89,INC_QA_005
N/A,EC_024_INC-D3,10.58052/IEWDR01QQ,Sediment,2.86,1.26,17.18,0.17,0.07,49.88,INC_QA_005
N/A,EC_024_INC-D4,10.58052/IEWDR01QQ,Sediment,2.85,1.49,17.12,0.17,0.09,49.9,INC_QA_005
N/A,EC_024_INC-D5,10.58052/IEWDR01QQ,Sediment,2.85,1.54,17.07,0.17,0.09,49.92,INC_QA_005
N/A,EC_024_INC-W1,10.58052/IEWDR01QQ,Sediment,5.87,5.87,17.15,0.34,0.34,49.89,INC_QA_005
N/A,EC_024_INC-W2,10.58052/IEWDR01QQ,Sediment,5.87,5.87,17.06,0.34,0.34,49.93,INC_QA_005
N/A,EC_024_INC-W3,10.58052/IEWDR01QQ,Sediment,5.84,5.84,17.19,0.34,0.34,49.87,INC_QA_005
N/A,EC_024_INC-W4,10.58052/IEWDR01QQ,Sediment,5.85,5.84,17.25,0.34,0.34,49.85,INC_QA_005
N/A,EC_024_INC-W5,10.58052/IEWDR01QQ,Sediment,5.79,5.79,17.13,0.34,0.34,49.89,INC_QA_005
N/A,EC_027_INC-D1,10.58052/IEWDR01QR,Sediment,10.01,7.77,10.01,1,0.78,52.11,INC_QA_005
N/A,EC_027_INC-D2,10.58052/IEWDR01QR,Sediment,9.98,7.56,9.98,1,0.76,52.12,INC_QA_005
N/A,EC_027_INC-D3,10.58052/IEWDR01QR,Sediment,10,7.14,10,1,0.71,52.11,INC_QA_005
N/A,EC_027_INC-D4,10.58052/IEWDR01QR,Sediment,10,7.13,10,1,0.71,52.12,INC_QA_005
N/A,EC_027_INC-D5,10.58052/IEWDR01QR,Sediment,10.02,7,10.02,1,0.7,52.11,INC_QA_005
N/A,EC_027_INC-W1,10.58052/IEWDR01QR,Sediment,12.74,12.74,10,1.27,1.27,52.12,INC_QA_005
N/A,EC_027_INC-W2,10.58052/IEWDR01QR,Sediment,12.58,12.58,9.99,1.26,1.26,52.12,INC_QA_005
N/A,EC_027_INC-W3,10.58052/IEWDR01QR,Sediment,13.02,13.02,9.98,1.3,1.3,52.12,INC_QA_005
N/A,EC_027_INC-W4,10.58052/IEWDR01QR,Sediment,12.97,12.97,10.02,1.29,1.29,52.11,INC_QA_005
N/A,EC_027_INC-W5,10.58052/IEWDR01QR,Sediment,12.9,12.9,10.01,1.29,1.29,52.11,INC_QA_005
N/A,EC_032_INC-D1,10.58052/IEWDR01QT,Sediment,10.56,6.92,10.12,1.04,0.68,52.36,INC_QA_005
N/A,EC_032_INC-D2,10.58052/IEWDR01QT,Sediment,10.15,6.19,9.72,1.04,0.64,52.53,INC_QA_005
N/A,EC_032_INC-D3,10.58052/IEWDR01QT,Sediment,10.23,6.16,9.81,1.04,0.63,52.49,INC_QA_005
N/A,EC_032_INC-D4,10.58052/IEWDR01QT,Sediment,10.26,7.36,9.83,1.04,0.75,52.48,INC_QA_005
N/A,EC_032_INC-D5,10.58052/IEWDR01QT,Sediment,10.69,5.44,10.24,1.04,0.53,52.31,INC_QA_005
N/A,EC_032_INC-W1,10.58052/IEWDR01QT,Sediment,14.22,14.2,9.79,1.45,1.45,52.5,INC_QA_005
N/A,EC_032_INC-W2,10.58052/IEWDR01QT,Sediment,14.13,14.13,9.74,1.45,1.45,52.52,INC_QA_005
N/A,EC_032_INC-W3,10.58052/IEWDR01QT,Sediment,14.38,14.37,9.97,1.44,1.44,52.43,INC_QA_005
N/A,EC_032_INC-W4,10.58052/IEWDR01QT,Sediment,14.44,14.44,10.02,1.44,1.44,52.4,INC_QA_005
N/A,EC_032_INC-W5,10.58052/IEWDR01QT,Sediment,14.46,14.45,9.98,1.45,1.45,52.42,INC_QA_005
N/A,EC_033_INC-D1,10.58052/IEWDR01QU,Sediment,4.07,2.24,15.88,0.26,0.14,50.6,INC_QA_005
N/A,EC_033_INC-D2,10.58052/IEWDR01QU,Sediment,4.1,2.19,15.97,0.26,0.14,50.55,INC_QA_005
N/A,EC_033_INC-D3,10.58052/IEWDR01QU,Sediment,4.09,2.25,15.94,0.26,0.14,50.57,INC_QA_005
N/A,EC_033_INC-D4,10.58052/IEWDR01QU,Sediment,4.09,2.33,15.95,0.26,0.15,50.57,INC_QA_005
N/A,EC_033_INC-D5,10.58052/IEWDR01QU,Sediment,4.07,1.81,15.88,0.26,0.11,50.6,INC_QA_005
N/A,EC_033_INC-W1,10.58052/IEWDR01QU,Sediment,9.23,9.23,15.86,0.58,0.58,50.6,INC_QA_005
N/A,EC_033_INC-W2,10.58052/IEWDR01QU,Sediment,9.46,9.11,16.05,0.59,0.57,50.52,INC_QA_005
N/A,EC_033_INC-W3,10.58052/IEWDR01QU,Sediment,9.23,9.23,15.88,0.58,0.58,50.6,INC_QA_005
N/A,EC_033_INC-W4,10.58052/IEWDR01QU,Sediment,9.31,9.31,16.08,0.58,0.58,50.51,INC_QA_005
N/A,EC_033_INC-W5,10.58052/IEWDR01QU,Sediment,9.16,9.82,15.8,0.58,0.62,50.63,INC_QA_005
N/A,EC_034_INC-D1,10.58052/IEWDR01QV,Sediment,5.23,3.38,14.8,0.35,0.23,51,INC_QA_005
N/A,EC_034_INC-D2,10.58052/IEWDR01QV,Sediment,5.24,3.41,14.82,0.35,0.23,51,INC_QA_005
N/A,EC_034_INC-D3,10.58052/IEWDR01QV,Sediment,5.22,3.15,14.77,0.35,0.21,51.02,INC_QA_005
N/A,EC_034_INC-D4,10.58052/IEWDR01QV,Sediment,5.2,2.85,14.7,0.35,0.19,51.05,INC_QA_005
N/A,EC_034_INC-D5,10.58052/IEWDR01QV,Sediment,5.23,3.07,14.8,0.35,0.21,51,INC_QA_005
N/A,EC_034_INC-W1,10.58052/IEWDR01QV,Sediment,8.26,8.26,14.85,0.56,0.56,50.98,INC_QA_005
N/A,EC_034_INC-W2,10.58052/IEWDR01QV,Sediment,8.24,8.24,14.79,0.56,0.56,51.01,INC_QA_005
N/A,EC_034_INC-W3,10.58052/IEWDR01QV,Sediment,8.2,8.19,14.78,0.55,0.55,51.01,INC_QA_005
N/A,EC_034_INC-W4,10.58052/IEWDR01QV,Sediment,8.22,8.22,14.89,0.55,0.55,50.97,INC_QA_005
N/A,EC_034_INC-W5,10.58052/IEWDR01QV,Sediment,8.18,8.18,14.74,0.55,0.55,51.03,INC_QA_005
N/A,EC_035_INC-D1,10.58052/IEWDR01QW,Sediment,12.45,13.55,7.62,1.63,1.78,54,INC_QA_005
N/A,EC_035_INC-D2,10.58052/IEWDR01QW,Sediment,12.33,10.48,7.55,1.63,1.39,54.03,INC_QA_005
N/A,EC_035_INC-D3,10.58052/IEWDR01QW,Sediment,12.48,8.5,7.64,1.63,1.11,53.99,INC_QA_005
N/A,EC_035_INC-D4,10.58052/IEWDR01QW,Sediment,12.42,9.69,7.6,1.63,1.27,54,INC_QA_005
N/A,EC_035_INC-D5,10.58052/IEWDR01QW,Sediment,12.44,9.72,7.62,1.63,1.28,54,INC_QA_005
N/A,EC_035_INC-W1,10.58052/IEWDR01QW,Sediment,15.42,15.42,7.62,2.02,2.02,54,INC_QA_005
N/A,EC_035_INC-W2,10.58052/IEWDR01QW,Sediment,15.45,15.45,7.63,2.03,2.03,53.99,INC_QA_005
N/A,EC_035_INC-W3,10.58052/IEWDR01QW,Sediment,15.37,15.37,7.6,2.02,2.02,54,INC_QA_005
N/A,EC_035_INC-W4,10.58052/IEWDR01QW,Sediment,15.43,15.43,7.63,2.02,2.02,53.99,INC_QA_005
N/A,EC_035_INC-W5,10.58052/IEWDR01QW,Sediment,15.41,15.41,7.62,2.02,2.02,54,INC_QA_005
N/A,EC_037_INC-D1,10.58052/IEWDR01QX,Sediment,2.7,1.06,17.21,0.16,0.06,49.95,INC_QA_005
N/A,EC_037_INC-D2,10.58052/IEWDR01QX,Sediment,2.71,1.08,17.31,0.16,0.06,49.91,INC_QA_005
N/A,EC_037_INC-D3,10.58052/IEWDR01QX,Sediment,2.72,0.81,17.36,0.16,0.05,49.89,INC_QA_005
N/A,EC_037_INC-D4,10.58052/IEWDR01QX,Sediment,2.72,1.01,17.39,0.16,0.06,49.88,INC_QA_005
N/A,EC_037_INC-D5,10.58052/IEWDR01QX,Sediment,2.69,0.89,17.2,0.16,0.05,49.96,INC_QA_005
N/A,EC_037_INC-W1,10.58052/IEWDR01QX,Sediment,7.61,7.61,17.4,0.44,0.44,49.87,INC_QA_005
N/A,EC_037_INC-W2,10.58052/IEWDR01QX,Sediment,7.66,7.66,17.46,0.44,0.44,49.85,INC_QA_005
N/A,EC_037_INC-W3,10.58052/IEWDR01QX,Sediment,7.65,7.65,17.17,0.45,0.45,49.97,INC_QA_005
N/A,EC_037_INC-W4,10.58052/IEWDR01QX,Sediment,7.76,7.76,17.53,0.44,0.44,49.81,INC_QA_005
N/A,EC_037_INC-W5,10.58052/IEWDR01QX,Sediment,7.78,7.78,17.68,0.44,0.44,49.75,INC_QA_005
N/A,EC_038_INC-D1,10.58052/IEWDR01QY,Sediment,3.8,2.32,16.3,0.23,0.14,50.33,INC_QA_005
N/A,EC_038_INC-D2,10.58052/IEWDR01QY,Sediment,3.82,1.83,16.35,0.23,0.11,50.31,INC_QA_005
N/A,EC_038_INC-D3,10.58052/IEWDR01QY,Sediment,3.73,1.99,15.98,0.23,0.12,50.46,INC_QA_005
N/A,EC_038_INC-D4,10.58052/IEWDR01QY,Sediment,3.83,1.95,16.39,0.23,0.12,50.29,INC_QA_005
N/A,EC_038_INC-D5,10.58052/IEWDR01QY,Sediment,3.75,1.98,16.08,0.23,0.12,50.42,INC_QA_005
N/A,EC_038_INC-W1,10.58052/IEWDR01QY,Sediment,8.86,8.86,16.35,0.54,0.54,50.31,INC_QA_005
N/A,EC_038_INC-W2,10.58052/IEWDR01QY,Sediment,8.75,8.75,16.08,0.54,0.54,50.42,INC_QA_005
N/A,EC_038_INC-W3,10.58052/IEWDR01QY,Sediment,8.77,8.77,16.21,0.54,0.54,50.37,INC_QA_005
N/A,EC_038_INC-W4,10.58052/IEWDR01QY,Sediment,8.76,8.76,16.08,0.54,0.54,50.42,INC_QA_005
N/A,EC_038_INC-W5,10.58052/IEWDR01QY,Sediment,8.77,8.77,16.18,0.54,0.54,50.38,INC_QA_005
N/A,EC_039_INC-D1,10.58052/IEWDR01QZ,Sediment,4.59,1.95,15.46,0.3,0.13,50.62,INC_QA_005
N/A,EC_039_INC-D2,10.58052/IEWDR01QZ,Sediment,4.55,2.7,15.35,0.3,0.18,50.67,INC_QA_005
N/A,EC_039_INC-D3,10.58052/IEWDR01QZ,Sediment,4.59,2.73,15.47,0.3,0.18,50.62,INC_QA_005
N/A,EC_039_INC-D4,10.58052/IEWDR01QZ,Sediment,4.79,2.6,16.14,0.3,0.16,50.33,INC_QA_005
N/A,EC_039_INC-D5,10.58052/IEWDR01QZ,Sediment,4.58,2.59,15.46,0.3,0.17,50.62,INC_QA_005
N/A,EC_039_INC-W1,10.58052/IEWDR01QZ,Sediment,6.61,6.61,15.61,0.42,0.42,50.56,INC_QA_005
N/A,EC_039_INC-W2,10.58052/IEWDR01QZ,Sediment,6.53,6.53,15.35,0.43,0.43,50.67,INC_QA_005
N/A,EC_039_INC-W3,10.58052/IEWDR01QZ,Sediment,6.55,6.55,15.43,0.42,0.42,50.63,INC_QA_005
N/A,EC_039_INC-W4,10.58052/IEWDR01QZ,Sediment,6.61,6.61,15.52,0.43,0.43,50.6,INC_QA_005
N/A,EC_039_INC-W5,10.58052/IEWDR01QZ,Sediment,6.6,6.6,15.52,0.43,0.43,50.6,INC_QA_005
N/A,EC_040_INC-D1,10.58052/IEWDR01R0,Sediment,6.42,2.56,13.97,0.46,0.18,50.64,INC_QA_005
N/A,EC_040_INC-D2,10.58052/IEWDR01R0,Sediment,6.41,2.2,13.94,0.46,0.16,50.65,INC_QA_005
N/A,EC_040_INC-D3,10.58052/IEWDR01R0,Sediment,6.4,2.44,13.92,0.46,0.18,50.66,INC_QA_005
N/A,EC_040_INC-D4,10.58052/IEWDR01R0,Sediment,6.41,2.55,13.95,0.46,0.18,50.65,INC_QA_005
N/A,EC_040_INC-D5,10.58052/IEWDR01R0,Sediment,6.32,2.43,13.75,0.46,0.18,50.73,INC_QA_005
N/A,EC_040_INC-W1,10.58052/IEWDR01R0,Sediment,9.1,9.1,13.75,0.66,0.66,50.73,INC_QA_005
N/A,EC_040_INC-W2,10.58052/IEWDR01R0,Sediment,8.96,8.96,13.89,0.65,0.65,50.67,INC_QA_005
N/A,EC_040_INC-W3,10.58052/IEWDR01R0,Sediment,9.14,9.14,13.78,0.66,0.66,50.72,INC_QA_005
N/A,EC_040_INC-W4,10.58052/IEWDR01R0,Sediment,9.14,9.13,13.75,0.66,0.66,50.73,INC_QA_005
N/A,EC_040_INC-W5,10.58052/IEWDR01R0,Sediment,9.21,9.21,13.83,0.67,0.67,50.7,INC_QA_005
N/A,EC_041_INC-D1,10.58052/IEWDR01R1,Sediment,6.27,4.21,13.74,0.46,0.31,51.29,INC_QA_005
N/A,EC_041_INC-D2,10.58052/IEWDR01R1,Sediment,6.3,2.56,13.79,0.46,0.19,51.26,INC_QA_005
N/A,EC_041_INC-D3,10.58052/IEWDR01R1,Sediment,6.29,4.15,13.78,0.46,0.3,51.27,INC_QA_005
N/A,EC_041_INC-D4,10.58052/IEWDR01R1,Sediment,6.26,3.42,13.71,0.46,0.25,51.3,INC_QA_005
N/A,EC_041_INC-D5,10.58052/IEWDR01R1,Sediment,6.27,3.31,13.73,0.46,0.24,51.29,INC_QA_005
N/A,EC_041_INC-W1,10.58052/IEWDR01R1,Sediment,9.77,9.77,13.77,0.71,0.71,51.27,INC_QA_005
N/A,EC_041_INC-W2,10.58052/IEWDR01R1,Sediment,9.77,9.77,13.78,0.71,0.71,51.27,INC_QA_005
N/A,EC_041_INC-W3,10.58052/IEWDR01R1,Sediment,9.5,9.5,13.74,0.69,0.69,51.29,INC_QA_005
N/A,EC_041_INC-W4,10.58052/IEWDR01R1,Sediment,10.04,10.04,13.76,0.73,0.73,51.28,INC_QA_005
N/A,EC_041_INC-W5,10.58052/IEWDR01R1,Sediment,10.3,10.31,13.78,0.75,0.75,51.27,INC_QA_005
N/A,EC_042_INC-D1,10.58052/IEWDR01R2,Sediment,5.46,3.71,14.62,0.37,0.25,51.15,INC_QA_005
N/A,EC_042_INC-D2,10.58052/IEWDR01R2,Sediment,5.43,3.62,14.56,0.37,0.25,51.18,INC_QA_005
N/A,EC_042_INC-D3,10.58052/IEWDR01R2,Sediment,5.42,3.63,14.51,0.37,0.25,51.2,INC_QA_005
N/A,EC_042_INC-D4,10.58052/IEWDR01R2,Sediment,5.43,3.51,14.53,0.37,0.24,51.19,INC_QA_005
N/A,EC_042_INC-D5,10.58052/IEWDR01R2,Sediment,5.43,3.91,14.54,0.37,0.27,51.19,INC_QA_005
N/A,EC_042_INC-W1,10.58052/IEWDR01R2,Sediment,8.41,8.41,14.58,0.58,0.58,51.17,INC_QA_005
N/A,EC_042_INC-W2,10.58052/IEWDR01R2,Sediment,8.45,8.45,14.62,0.58,0.58,51.15,INC_QA_005
N/A,EC_042_INC-W3,10.58052/IEWDR01R2,Sediment,8.4,8.4,14.5,0.58,0.58,51.2,INC_QA_005
N/A,EC_042_INC-W4,10.58052/IEWDR01R2,Sediment,8.45,8.45,14.61,0.58,0.58,51.15,INC_QA_005
N/A,EC_042_INC-W5,10.58052/IEWDR01R2,Sediment,8.44,8.44,14.59,0.58,0.58,51.17,INC_QA_005
N/A,EC_044_INC-D1,10.58052/IEWDR01V0,Sediment,3.55,1.22,16.4,0.22,0.07,50.28,INC_QA_005
N/A,EC_044_INC-D2,10.58052/IEWDR01V0,Sediment,3.55,1.2,16.39,0.22,0.07,50.28,INC_QA_005
N/A,EC_044_INC-D3,10.58052/IEWDR01V0,Sediment,3.57,1.25,16.45,0.22,0.08,50.26,INC_QA_005
N/A,EC_044_INC-D4,10.58052/IEWDR01V0,Sediment,3.58,1.22,16.5,0.22,0.07,50.23,INC_QA_005
N/A,EC_044_INC-D5,10.58052/IEWDR01V0,Sediment,3.57,1.16,16.47,0.22,0.07,50.25,INC_QA_005
N/A,EC_044_INC-W1,10.58052/IEWDR01V0,Sediment,7.09,7.09,16.5,0.43,0.43,50.24,INC_QA_005
N/A,EC_044_INC-W2,10.58052/IEWDR01V0,Sediment,7.06,7.06,16.41,0.43,0.43,50.28,INC_QA_005
N/A,EC_044_INC-W3,10.58052/IEWDR01V0,Sediment,7.07,7.07,16.41,0.43,0.43,50.28,INC_QA_005
N/A,EC_044_INC-W4,10.58052/IEWDR01V0,Sediment,7.08,7.08,16.45,0.43,0.43,50.26,INC_QA_005
N/A,EC_044_INC-W5,10.58052/IEWDR01V0,Sediment,7.07,7.07,16.41,0.43,0.43,50.27,INC_QA_005
N/A,EC_051_INC-D1,10.58052/IEWDR01VC,Sediment,5.32,3.49,14.76,0.36,0.24,50.94,INC_QA_005
N/A,EC_051_INC-D2,10.58052/IEWDR01VC,Sediment,5.3,3.55,14.74,0.36,0.24,50.96,INC_QA_005
N/A,EC_051_INC-D3,10.58052/IEWDR01VC,Sediment,5.29,3.37,14.71,0.36,0.23,50.97,INC_QA_005
N/A,EC_051_INC-D4,10.58052/IEWDR01VC,Sediment,5.31,3.3,14.75,0.36,0.22,50.95,INC_QA_005
N/A,EC_051_INC-D5,10.58052/IEWDR01VC,Sediment,5.3,3.44,14.72,0.36,0.23,50.97,INC_QA_005
N/A,EC_051_INC-W1,10.58052/IEWDR01VC,Sediment,9.35,9.35,14.74,0.63,0.63,50.96,INC_QA_005
N/A,EC_051_INC-W2,10.58052/IEWDR01VC,Sediment,9.28,9.28,14.76,0.63,0.63,50.95,INC_QA_005
N/A,EC_051_INC-W3,10.58052/IEWDR01VC,Sediment,9.29,9.29,14.69,0.63,0.63,50.98,INC_QA_005
N/A,EC_051_INC-W4,10.58052/IEWDR01VC,Sediment,9.31,9.31,14.75,0.63,0.63,50.95,INC_QA_005
N/A,EC_051_INC-W5,10.58052/IEWDR01VC,Sediment,9.3,9.3,14.75,0.63,0.63,50.95,INC_QA_005
N/A,EC_052_INC-D1,10.58052/IEWDR01VF,Sediment,7.71,5.67,12.36,0.62,0.46,52.17,INC_QA_005
N/A,EC_052_INC-D2,10.58052/IEWDR01VF,Sediment,7.72,5.11,12.38,0.62,0.41,52.16,INC_QA_005
N/A,EC_052_INC-D3,10.58052/IEWDR01VF,Sediment,7.7,5.2,12.34,0.62,0.42,52.17,INC_QA_005
N/A,EC_052_INC-D4,10.58052/IEWDR01VF,Sediment,7.68,4.78,12.33,0.62,0.39,52.18,INC_QA_005
N/A,EC_052_INC-D5,10.58052/IEWDR01VF,Sediment,7.67,5.23,12.3,0.62,0.42,52.2,INC_QA_005
N/A,EC_052_INC-W1,10.58052/IEWDR01VF,Sediment,10.69,10.69,12.33,0.87,0.87,52.18,INC_QA_005
N/A,EC_052_INC-W2,10.58052/IEWDR01VF,Sediment,10.65,10.65,12.32,0.86,0.86,52.19,INC_QA_005
N/A,EC_052_INC-W3,10.58052/IEWDR01VF,Sediment,10.7,10.7,12.36,0.87,0.87,52.17,INC_QA_005
N/A,EC_052_INC-W4,10.58052/IEWDR01VF,Sediment,10.66,10.66,12.31,0.87,0.87,52.19,INC_QA_005
N/A,EC_052_INC-W5,10.58052/IEWDR01VF,Sediment,10.7,10.7,12.37,0.87,0.87,52.17,INC_QA_005
N/A,EC_053_INC-D1,10.58052/IEWDR01ZK,Sediment,6.19,4.46,13.85,0.45,0.32,51.18,N/A
N/A,EC_053_INC-D2,10.58052/IEWDR01ZK,Sediment,6.16,4.01,13.8,0.45,0.29,51.37,N/A
N/A,EC_053_INC-D3,10.58052/IEWDR01ZK,Sediment,6.17,4.21,13.81,0.45,0.3,49.8,N/A
N/A,EC_053_INC-D4,10.58052/IEWDR01ZK,Sediment,6.19,4.04,13.87,0.45,0.29,51.84,N/A
N/A,EC_053_INC-D5,10.58052/IEWDR01ZK,Sediment,6.18,4.34,13.83,0.45,0.31,52.19,N/A
N/A,EC_053_INC-W1,10.58052/IEWDR01ZK,Sediment,9.18,9.17,13.85,0.66,0.66,51.29,N/A
N/A,EC_053_INC-W2,10.58052/IEWDR01ZK,Sediment,9.2,9.19,13.8,0.67,0.67,51.46,N/A
N/A,EC_053_INC-W3,10.58052/IEWDR01ZK,Sediment,9.18,9.17,13.82,0.66,0.66,51.58,N/A
N/A,EC_053_INC-W4,10.58052/IEWDR01ZK,Sediment,9.19,9.21,13.87,0.66,0.66,51.31,N/A
N/A,EC_053_INC-W5,10.58052/IEWDR01ZK,Sediment,9.16,9.16,13.8,0.66,0.66,50.16,N/A
N/A,EC_056_INC-D1,10.58052/IEWDR01VI,Sediment,2.9,0.62,17.08,0.17,0.04,50.05,INC_QA_005
N/A,EC_056_INC-D2,10.58052/IEWDR01VI,Sediment,2.92,0.36,17.16,0.17,0.02,50.01,INC_QA_005
N/A,EC_056_INC-D3,10.58052/IEWDR01VI,Sediment,2.9,0.44,17.06,0.17,0.03,50.06,INC_QA_005
N/A,EC_056_INC-D4,10.58052/IEWDR01VI,Sediment,2.9,0.58,17.08,0.17,0.03,50.05,INC_QA_005
N/A,EC_056_INC-D5,10.58052/IEWDR01VI,Sediment,2.92,0.71,17.17,0.17,0.04,50.01,INC_QA_005
N/A,EC_056_INC-W1,10.58052/IEWDR01VI,Sediment,6.93,6.93,17.02,0.41,0.41,50.08,INC_QA_005
N/A,EC_056_INC-W2,10.58052/IEWDR01VI,Sediment,7.39,7.39,17.03,0.43,0.43,50.07,INC_QA_005
N/A,EC_056_INC-W3,10.58052/IEWDR01VI,Sediment,7.38,7.38,17.05,0.43,0.43,50.06,INC_QA_005
N/A,EC_056_INC-W4,10.58052/IEWDR01VI,Sediment,7.4,7.4,17.02,0.44,0.44,50.08,INC_QA_005
N/A,EC_056_INC-W5,10.58052/IEWDR01VI,Sediment,7.38,7.38,17.02,0.43,0.43,50.08,INC_QA_005
N/A,EC_057_INC-D1,10.58052/IEWDR01VL,Sediment,2.91,0.31,17.15,0.17,0.02,49.97,INC_QA_005
N/A,EC_057_INC-D2,10.58052/IEWDR01VL,Sediment,2.92,0.38,17.15,0.17,0.02,49.97,INC_QA_005
N/A,EC_057_INC-D3,10.58052/IEWDR01VL,Sediment,2.89,0.5,17.03,0.17,0.03,50.02,INC_QA_005
N/A,EC_057_INC-D4,10.58052/IEWDR01VL,Sediment,2.9,0.76,17.09,0.17,0.04,50,INC_QA_005
N/A,EC_057_INC-D5,10.58052/IEWDR01VL,Sediment,2.91,0.23,17.11,0.17,0.01,49.99,INC_QA_005
N/A,EC_057_INC-W1,10.58052/IEWDR01VL,Sediment,8.53,8.53,17.16,0.5,0.5,49.97,INC_QA_005
N/A,EC_057_INC-W2,10.58052/IEWDR01VL,Sediment,7.94,7.94,17.15,0.46,0.46,49.97,INC_QA_005
N/A,EC_057_INC-W3,10.58052/IEWDR01VL,Sediment,7.92,7.92,17.09,0.46,0.46,50,INC_QA_005
N/A,EC_057_INC-W4,10.58052/IEWDR01VL,Sediment,7.93,7.93,17.13,0.46,0.46,49.98,INC_QA_005
N/A,EC_057_INC-W5,10.58052/IEWDR01VL,Sediment,7.84,7.84,17.11,0.46,0.46,49.99,INC_QA_005
N/A,EC_063_INC-D1,10.58052/IEWDR01R4,Sediment,3.39,0.96,16.69,0.2,0.06,50.2,INC_QA_005
N/A,EC_063_INC-D2,10.58052/IEWDR01R4,Sediment,3.37,0.84,16.6,0.2,0.05,50.24,INC_QA_005
N/A,EC_063_INC-D3,10.58052/IEWDR01R4,Sediment,3.39,1.12,16.7,0.2,0.07,50.2,INC_QA_005
N/A,EC_063_INC-D4,10.58052/IEWDR01R4,Sediment,3.37,0.28,16.57,0.2,0.02,50.25,INC_QA_005
N/A,EC_063_INC-D5,10.58052/IEWDR01R4,Sediment,3.39,0.82,16.65,0.2,0.05,50.21,INC_QA_005
N/A,EC_063_INC-W1,10.58052/IEWDR01R4,Sediment,7.91,7.91,16.55,0.48,0.48,50.26,INC_QA_005
N/A,EC_063_INC-W2,10.58052/IEWDR01R4,Sediment,7.88,7.88,16.65,0.47,0.47,50.21,INC_QA_005
N/A,EC_063_INC-W3,10.58052/IEWDR01R4,Sediment,7.91,7.91,16.63,0.48,0.48,50.23,INC_QA_005
N/A,EC_063_INC-W4,10.58052/IEWDR01R4,Sediment,7.88,7.88,16.55,0.48,0.48,50.25,INC_QA_005
N/A,EC_063_INC-W5,10.58052/IEWDR01R4,Sediment,7.88,7.88,16.65,0.47,0.47,50.22,INC_QA_005
N/A,EC_064_INC-D1,10.58052/IEWDR01VR,Sediment,11.01,8.55,9,1.22,0.95,53.48,INC_QA_005
N/A,EC_064_INC-D2,10.58052/IEWDR01VR,Sediment,11.01,8.47,9,1.22,0.94,53.48,INC_QA_005
N/A,EC_064_INC-D3,10.58052/IEWDR01VR,Sediment,11,8.44,9,1.22,0.94,53.48,INC_QA_005
N/A,EC_064_INC-D4,10.58052/IEWDR01VR,Sediment,11,8.51,9,1.22,0.95,53.48,INC_QA_005
N/A,EC_064_INC-D5,10.58052/IEWDR01VR,Sediment,11,8.73,8.99,1.22,0.97,53.48,INC_QA_005
N/A,EC_064_INC-W1,10.58052/IEWDR01VR,Sediment,14.02,14.02,9.01,1.56,1.56,53.47,INC_QA_005
N/A,EC_064_INC-W2,10.58052/IEWDR01VR,Sediment,13.99,13.99,9,1.55,1.55,53.48,INC_QA_005
N/A,EC_064_INC-W3,10.58052/IEWDR01VR,Sediment,13.97,13.97,8.99,1.55,1.55,53.48,INC_QA_005
N/A,EC_064_INC-W4,10.58052/IEWDR01VR,Sediment,13.98,13.98,9,1.55,1.55,53.48,INC_QA_005
N/A,EC_064_INC-W5,10.58052/IEWDR01VR,Sediment,13.99,13.99,9,1.55,1.55,53.48,INC_QA_005
N/A,EC_065_INC-D1,10.58052/IEWDR01ZQ,Sediment,5.13,3.34,14.8,0.35,0.23,50.88,N/A
N/A,EC_065_INC-D2,10.58052/IEWDR01ZQ,Sediment,5.16,3.58,14.89,0.35,0.24,50.63,N/A
N/A,EC_065_INC-D3,10.58052/IEWDR01ZQ,Sediment,5.15,3.29,14.87,0.35,0.22,50.16,N/A
N/A,EC_065_INC-D4,10.58052/IEWDR01ZQ,Sediment,5.15,3.44,14.86,0.35,0.23,50.58,N/A
N/A,EC_065_INC-D5,10.58052/IEWDR01ZQ,Sediment,5.15,3.34,14.86,0.35,0.22,50.99,N/A
N/A,EC_065_INC-W1,10.58052/IEWDR01ZQ,Sediment,7.17,7.16,14.89,0.48,0.48,51.32,N/A
N/A,EC_065_INC-W2,10.58052/IEWDR01ZQ,Sediment,7.2,7.2,14.84,0.48,0.48,50.36,N/A
N/A,EC_065_INC-W3,10.58052/IEWDR01ZQ,Sediment,7.18,7.18,14.81,0.48,0.48,51.36,N/A
N/A,EC_065_INC-W4,10.58052/IEWDR01ZQ,Sediment,7.18,7.18,14.84,0.48,0.48,51.39,N/A
N/A,EC_065_INC-W5,10.58052/IEWDR01ZQ,Sediment,7.18,7.18,14.84,0.48,0.48,51.02,N/A
N/A,EC_066_INC-D1,10.58052/IEWDR01VU,Sediment,4.2,1.79,15.74,0.27,0.11,50.59,INC_QA_005
N/A,EC_066_INC-D2,10.58052/IEWDR01VU,Sediment,4.2,1.79,15.75,0.27,0.11,50.59,INC_QA_005
N/A,EC_066_INC-D3,10.58052/IEWDR01VU,Sediment,4.23,1.79,15.86,0.27,0.11,50.54,INC_QA_005
N/A,EC_066_INC-D4,10.58052/IEWDR01VU,Sediment,4.22,1.76,15.84,0.27,0.11,50.55,INC_QA_005
N/A,EC_066_INC-D5,10.58052/IEWDR01VU,Sediment,4.21,1.46,15.81,0.27,0.09,50.57,INC_QA_005
N/A,EC_066_INC-W1,10.58052/IEWDR01VU,Sediment,10.23,10.23,15.81,0.65,0.65,50.57,INC_QA_005
N/A,EC_066_INC-W2,10.58052/IEWDR01VU,Sediment,10.13,10.13,15.73,0.64,0.64,50.59,INC_QA_005
N/A,EC_066_INC-W3,10.58052/IEWDR01VU,Sediment,10.07,10.07,15.78,0.64,0.64,50.57,INC_QA_005
N/A,EC_066_INC-W4,10.58052/IEWDR01VU,Sediment,10.08,10.08,15.81,0.64,0.64,50.56,INC_QA_005
N/A,EC_066_INC-W5,10.58052/IEWDR01VU,Sediment,10.02,10.02,15.83,0.63,0.63,50.56,INC_QA_005
N/A,EC_068_INC-D1,10.58052/IEWDR01VX,Sediment,12.45,6.44,7.45,1.67,0.86,52.46,INC_QA_005
N/A,EC_068_INC-D2,10.58052/IEWDR01VX,Sediment,12.46,7.07,7.46,1.67,0.95,52.46,INC_QA_005
N/A,EC_068_INC-D3,10.58052/IEWDR01VX,Sediment,12.52,7.06,7.5,1.67,0.94,52.44,INC_QA_005
N/A,EC_068_INC-D4,10.58052/IEWDR01VX,Sediment,12.55,7.19,7.52,1.67,0.96,52.43,INC_QA_005
N/A,EC_068_INC-D5,10.58052/IEWDR01VX,Sediment,12.57,7.17,7.52,1.67,0.95,52.43,INC_QA_005
N/A,EC_068_INC-W1,10.58052/IEWDR01VX,Sediment,16.45,16.45,7.49,2.2,2.2,52.45,INC_QA_005
N/A,EC_068_INC-W2,10.58052/IEWDR01VX,Sediment,15.49,15.49,7.5,2.07,2.07,52.44,INC_QA_005
N/A,EC_068_INC-W3,10.58052/IEWDR01VX,Sediment,15.41,15.41,7.48,2.06,2.06,52.46,INC_QA_005
N/A,EC_068_INC-W4,10.58052/IEWDR01VX,Sediment,15.44,15.44,7.48,2.06,2.06,52.46,INC_QA_005
N/A,EC_068_INC-W5,10.58052/IEWDR01VX,Sediment,15.39,15.39,7.48,2.06,2.06,52.46,INC_QA_005
N/A,EC_069_INC-D1,10.58052/IEWDR01W0,Sediment,4.11,2.18,15.83,0.26,0.14,50.48,INC_QA_005
N/A,EC_069_INC-D2,10.58052/IEWDR01W0,Sediment,4.11,1.26,15.81,0.26,0.08,50.48,VI_ALL_007; INC_QA_005
N/A,EC_069_INC-D3,10.58052/IEWDR01W0,Sediment,4.12,2.17,15.84,0.26,0.14,50.47,INC_QA_005
N/A,EC_069_INC-D4,10.58052/IEWDR01W0,Sediment,4.12,2.34,15.85,0.26,0.15,50.46,INC_QA_005
N/A,EC_069_INC-D5,10.58052/IEWDR01W0,Sediment,4.13,2.42,15.9,0.26,0.15,50.44,INC_QA_005
N/A,EC_069_INC-W1,10.58052/IEWDR01W0,Sediment,8.19,8.18,15.93,0.51,0.51,50.43,INC_QA_005
N/A,EC_069_INC-W2,10.58052/IEWDR01W0,Sediment,8.61,8.61,15.93,0.54,0.54,50.43,INC_QA_005
N/A,EC_069_INC-W3,10.58052/IEWDR01W0,Sediment,8.59,8.58,15.88,0.54,0.54,50.45,INC_QA_005
N/A,EC_069_INC-W4,10.58052/IEWDR01W0,Sediment,8.6,8.6,15.81,0.54,0.54,50.48,INC_QA_005
N/A,EC_069_INC-W5,10.58052/IEWDR01W0,Sediment,8.55,8.55,15.83,0.54,0.54,50.48,INC_QA_005
N/A,EC_070_INC-D1,10.58052/IEWDR01W3,Sediment,5.33,2.8,14.66,0.36,0.19,51.03,INC_QA_005
N/A,EC_070_INC-D2,10.58052/IEWDR01W3,Sediment,5.34,3.04,14.68,0.36,0.21,51.02,INC_QA_005
N/A,EC_070_INC-D3,10.58052/IEWDR01W3,Sediment,5.33,3.16,14.68,0.36,0.22,51.02,INC_QA_005
N/A,EC_070_INC-D4,10.58052/IEWDR01W3,Sediment,5.33,3.23,14.67,0.36,0.22,51.03,INC_QA_005
N/A,EC_070_INC-D5,10.58052/IEWDR01W3,Sediment,5.35,3.34,14.72,0.36,0.23,51,INC_QA_005
N/A,EC_070_INC-W1,10.58052/IEWDR01W3,Sediment,8.82,8.82,14.61,0.6,0.6,51.05,INC_QA_005
N/A,EC_070_INC-W2,10.58052/IEWDR01W3,Sediment,8.82,8.82,14.62,0.6,0.6,51.05,INC_QA_005
N/A,EC_070_INC-W3,10.58052/IEWDR01W3,Sediment,8.83,8.83,14.66,0.6,0.6,51.03,INC_QA_005
N/A,EC_070_INC-W4,10.58052/IEWDR01W3,Sediment,8.84,8.84,14.65,0.6,0.6,51.04,INC_QA_005
N/A,EC_070_INC-W5,10.58052/IEWDR01W3,Sediment,8.82,8.82,14.65,0.6,0.6,51.04,INC_QA_005
N/A,EC_071_INC-D1,10.58052/IEWDR01W6,Sediment,9.48,5.28,10.53,0.9,0.5,53.31,VI_ALL_006; INC_QA_005
N/A,EC_071_INC-D2,10.58052/IEWDR01W6,Sediment,9.49,6.19,10.55,0.9,0.59,53.3,VI_ALL_006; INC_QA_005
N/A,EC_071_INC-D3,10.58052/IEWDR01W6,Sediment,9.51,2.9,10.56,0.9,0.27,53.29,VI_ALL_006; INC_QA_005
N/A,EC_071_INC-D4,10.58052/IEWDR01W6,Sediment,9.47,6.33,10.52,0.9,0.6,53.31,VI_ALL_006; INC_QA_005
N/A,EC_071_INC-D5,10.58052/IEWDR01W6,Sediment,9.45,5.94,10.51,0.9,0.57,53.31,VI_ALL_006; INC_QA_005
N/A,EC_071_INC-W1,10.58052/IEWDR01W6,Sediment,11.48,11.48,10.55,1.09,1.09,53.3,VI_ALL_006; INC_QA_005
N/A,EC_071_INC-W2,10.58052/IEWDR01W6,Sediment,11.47,11.47,10.54,1.09,1.09,53.3,VI_ALL_006; INC_QA_005
N/A,EC_071_INC-W3,10.58052/IEWDR01W6,Sediment,11.48,11.48,10.55,1.09,1.09,53.3,VI_ALL_006; INC_QA_005
N/A,EC_071_INC-W4,10.58052/IEWDR01W6,Sediment,11.42,11.43,10.53,1.09,1.09,53.31,VI_ALL_006; INC_QA_005
N/A,EC_071_INC-W5,10.58052/IEWDR01W6,Sediment,11.45,11.45,10.55,1.09,1.09,53.3,VI_ALL_006; INC_QA_005
N/A,EC_072_INC-D1,10.58052/IEWDR01W9,Sediment,10.02,6.45,9.99,1,0.65,50.32,INC_QA_005
N/A,EC_072_INC-D2,10.58052/IEWDR01W9,Sediment,10.01,5.95,9.97,1,0.6,50.33,INC_QA_005
N/A,EC_072_INC-D3,10.58052/IEWDR01W9,Sediment,10.02,5.58,9.98,1,0.56,50.32,INC_QA_005
N/A,EC_072_INC-D4,10.58052/IEWDR01W9,Sediment,10.08,5.64,10.05,1,0.56,50.29,INC_QA_005
N/A,EC_072_INC-D5,10.58052/IEWDR01W9,Sediment,-9999,-9999,-9999,-9999,-9999,-9999,INC_Method_001
N/A,EC_072_INC-W1,10.58052/IEWDR01W9,Sediment,12.88,12.88,9.95,1.29,1.29,50.33,INC_QA_005
N/A,EC_072_INC-W2,10.58052/IEWDR01W9,Sediment,12.87,12.87,9.94,1.3,1.3,50.34,INC_QA_005
N/A,EC_072_INC-W3,10.58052/IEWDR01W9,Sediment,12.96,12.96,9.97,1.3,1.3,50.33,INC_QA_005
N/A,EC_072_INC-W4,10.58052/IEWDR01W9,Sediment,12.94,12.94,9.96,1.3,1.3,50.33,INC_QA_005
N/A,EC_072_INC-W5,10.58052/IEWDR01W9,Sediment,-9999,-9999,-9999,-9999,-9999,-9999,INC_Method_001
N/A,EC_073_INC-D1,10.58052/IEWDR01WC,Sediment,9.12,6.88,10.85,0.84,0.63,52.8,INC_QA_005
N/A,EC_073_INC-D2,10.58052/IEWDR01WC,Sediment,9.16,6.93,10.9,0.84,0.64,52.78,INC_QA_005
N/A,EC_073_INC-D3,10.58052/IEWDR01WC,Sediment,9.15,6.45,10.9,0.84,0.59,52.78,INC_QA_005
N/A,EC_073_INC-D4,10.58052/IEWDR01WC,Sediment,9.15,7.14,10.9,0.84,0.66,52.78,INC_QA_005
N/A,EC_073_INC-D5,10.58052/IEWDR01WC,Sediment,9.14,6.96,10.88,0.84,0.64,52.79,INC_QA_005
N/A,EC_073_INC-W1,10.58052/IEWDR01WC,Sediment,12.13,12.13,10.88,1.11,1.11,52.79,INC_QA_005
N/A,EC_073_INC-W2,10.58052/IEWDR01WC,Sediment,12.13,12.13,10.9,1.11,1.11,52.78,INC_QA_005
N/A,EC_073_INC-W3,10.58052/IEWDR01WC,Sediment,12.05,12.05,10.85,1.11,1.11,52.8,INC_QA_005
N/A,EC_073_INC-W4,10.58052/IEWDR01WC,Sediment,12.1,12.1,10.86,1.11,1.11,52.79,INC_QA_005
N/A,EC_073_INC-W5,10.58052/IEWDR01WC,Sediment,12.08,12.08,10.88,1.11,1.11,52.79,INC_QA_005
N/A,EC_074_INC-D1,10.58052/IEWDR01WF,Sediment,3.28,1.18,16.7,0.2,0.07,50.2,INC_QA_005
N/A,EC_074_INC-D2,10.58052/IEWDR01WF,Sediment,3.28,1.32,16.69,0.2,0.08,50.2,INC_QA_005
N/A,EC_074_INC-D3,10.58052/IEWDR01WF,Sediment,3.28,1.26,16.67,0.2,0.08,50.21,INC_QA_005
N/A,EC_074_INC-D4,10.58052/IEWDR01WF,Sediment,3.29,1.21,16.7,0.2,0.07,50.19,INC_QA_005
N/A,EC_074_INC-D5,10.58052/IEWDR01WF,Sediment,3.29,1.31,16.73,0.2,0.08,50.19,INC_QA_005
N/A,EC_074_INC-W1,10.58052/IEWDR01WF,Sediment,6.77,6.77,16.75,0.4,0.4,50.17,INC_QA_005
N/A,EC_074_INC-W2,10.58052/IEWDR01WF,Sediment,6.74,6.74,16.7,0.4,0.4,50.19,INC_QA_005
N/A,EC_074_INC-W3,10.58052/IEWDR01WF,Sediment,6.78,6.78,16.71,0.41,0.41,50.19,INC_QA_005
N/A,EC_074_INC-W4,10.58052/IEWDR01WF,Sediment,6.79,6.79,16.74,0.41,0.41,50.18,INC_QA_005
N/A,EC_074_INC-W5,10.58052/IEWDR01WF,Sediment,6.77,6.77,16.72,0.4,0.4,50.19,INC_QA_005
N/A,EC_075_INC-D1,10.58052/IEWDR01WI,Sediment,5.29,1.45,14.68,0.36,0.1,51,INC_QA_005
N/A,EC_075_INC-D2,10.58052/IEWDR01WI,Sediment,5.28,1.88,14.68,0.36,0.13,51.01,INC_QA_005
N/A,EC_075_INC-D3,10.58052/IEWDR01WI,Sediment,5.3,1.99,14.74,0.36,0.14,50.98,INC_QA_005
N/A,EC_075_INC-D4,10.58052/IEWDR01WI,Sediment,5.28,1.73,14.68,0.36,0.12,51.01,INC_QA_005
N/A,EC_075_INC-D5,10.58052/IEWDR01WI,Sediment,5.31,1.7,14.76,0.36,0.12,50.97,INC_QA_005
N/A,EC_075_INC-W1,10.58052/IEWDR01WI,Sediment,8.3,8.3,14.73,0.56,0.56,50.99,INC_QA_005
N/A,EC_075_INC-W2,10.58052/IEWDR01WI,Sediment,8.25,8.25,14.69,0.56,0.56,51,INC_QA_005
N/A,EC_075_INC-W3,10.58052/IEWDR01WI,Sediment,8.32,8.32,14.71,0.57,0.57,51,INC_QA_005
N/A,EC_075_INC-W4,10.58052/IEWDR01WI,Sediment,8.25,8.25,14.66,0.56,0.56,51.01,INC_QA_005
N/A,EC_075_INC-W5,10.58052/IEWDR01WI,Sediment,8.28,8.28,14.76,0.56,0.56,50.97,INC_QA_005
N/A,EC_076_INC-D1,10.58052/IEWDR01WL,Sediment,4.53,0.57,15.63,0.29,0.04,50.71,INC_QA_005
N/A,EC_076_INC-D2,10.58052/IEWDR01WL,Sediment,4.49,0.68,15.48,0.29,0.04,50.77,INC_QA_005
N/A,EC_076_INC-D3,10.58052/IEWDR01WL,Sediment,4.48,0.97,15.46,0.29,0.06,50.78,INC_QA_005
N/A,EC_076_INC-D4,10.58052/IEWDR01WL,Sediment,4.51,1.21,15.55,0.29,0.08,50.74,INC_QA_005
N/A,EC_076_INC-D5,10.58052/IEWDR01WL,Sediment,4.5,0.75,15.5,0.29,0.05,50.76,INC_QA_005
N/A,EC_076_INC-W1,10.58052/IEWDR01WL,Sediment,9.54,9.54,15.35,0.62,0.62,50.83,INC_QA_005
N/A,EC_076_INC-W2,10.58052/IEWDR01WL,Sediment,9.4,9.4,15.63,0.6,0.6,50.71,INC_QA_005
N/A,EC_076_INC-W3,10.58052/IEWDR01WL,Sediment,9.44,9.44,15.56,0.61,0.61,50.74,INC_QA_005
N/A,EC_076_INC-W4,10.58052/IEWDR01WL,Sediment,9.26,9.26,15.49,0.6,0.6,50.77,INC_QA_005
N/A,EC_076_INC-W5,10.58052/IEWDR01WL,Sediment,9.43,9.43,15.57,0.61,0.61,50.73,INC_QA_005
N/A,EC_078_INC-D1,10.58052/IEWDR01WR,Sediment,7.94,5.36,11.98,0.66,0.45,52.43,INC_QA_005
N/A,EC_078_INC-D2,10.58052/IEWDR01WR,Sediment,8.04,5.34,12.11,0.66,0.44,52.37,INC_QA_005
N/A,EC_078_INC-D3,10.58052/IEWDR01WR,Sediment,8.02,4.27,12.08,0.66,0.35,52.39,INC_QA_005
N/A,EC_078_INC-D4,10.58052/IEWDR01WR,Sediment,8.08,4.07,12.18,0.66,0.33,52.35,INC_QA_005
N/A,EC_078_INC-D5,10.58052/IEWDR01WR,Sediment,7.96,5.53,12.01,0.66,0.46,52.42,INC_QA_005
N/A,EC_078_INC-W1,10.58052/IEWDR01WR,Sediment,10.88,10.88,11.96,0.91,0.91,52.44,INC_QA_005
N/A,EC_078_INC-W2,10.58052/IEWDR01WR,Sediment,10.98,10.98,12.07,0.91,0.91,52.39,INC_QA_005
N/A,EC_078_INC-W3,10.58052/IEWDR01WR,Sediment,10.97,10.97,12.14,0.9,0.9,52.37,INC_QA_005
N/A,EC_078_INC-W4,10.58052/IEWDR01WR,Sediment,11.92,11.92,12.08,0.99,0.99,52.39,INC_QA_005
N/A,EC_078_INC-W5,10.58052/IEWDR01WR,Sediment,10.93,10.93,12.07,0.91,0.91,52.39,INC_QA_005
N/A,EC_080_INC-D1,10.58052/IEWDR01WX,Sediment,15.74,12.48,4.3,3.66,2.9,54.63,INC_QA_005
N/A,EC_080_INC-D2,10.58052/IEWDR01WX,Sediment,15.68,12.85,4.28,3.66,3,54.64,INC_QA_005
N/A,EC_080_INC-D3,10.58052/IEWDR01WX,Sediment,15.8,13.46,4.31,3.66,3.12,54.63,INC_QA_005
N/A,EC_080_INC-D4,10.58052/IEWDR01WX,Sediment,15.74,13.39,4.3,3.66,3.12,54.63,INC_QA_005
N/A,EC_080_INC-D5,10.58052/IEWDR01WX,Sediment,15.79,13.1,4.31,3.66,3.04,54.63,INC_QA_005
N/A,EC_080_INC-W1,10.58052/IEWDR01WX,Sediment,16.66,16.66,4.28,3.89,3.89,54.64,INC_QA_005
N/A,EC_080_INC-W2,10.58052/IEWDR01WX,Sediment,16.69,16.69,4.29,3.89,3.89,54.64,INC_QA_005
N/A,EC_080_INC-W3,10.58052/IEWDR01WX,Sediment,16.69,16.69,4.28,3.9,3.9,54.64,INC_QA_005
N/A,EC_080_INC-W4,10.58052/IEWDR01WX,Sediment,16.72,16.72,4.29,3.9,3.9,54.64,INC_QA_005
N/A,EC_080_INC-W5,10.58052/IEWDR01WX,Sediment,16.69,16.69,4.29,3.89,3.89,54.64,INC_QA_005
N/A,EC_081_INC-D1,10.58052/IEWDR01X0,Sediment,5.12,3.38,14.92,0.34,0.23,50.69,N/A
N/A,EC_081_INC-D2,10.58052/IEWDR01X0,Sediment,5.13,0.98,14.94,0.34,0.07,50.25,N/A
N/A,EC_081_INC-D3,10.58052/IEWDR01X0,Sediment,5.11,3,14.87,0.34,0.2,51.07,N/A
N/A,EC_081_INC-D4,10.58052/IEWDR01X0,Sediment,5.12,1.97,14.9,0.34,0.13,51.2,N/A
N/A,EC_081_INC-D5,10.58052/IEWDR01X0,Sediment,5.13,3.24,14.96,0.34,0.22,51.09,N/A
N/A,EC_081_INC-W1,10.58052/IEWDR01X0,Sediment,8.04,8.03,14.87,0.54,0.54,51.16,N/A
N/A,EC_081_INC-W2,10.58052/IEWDR01X0,Sediment,8.04,8.04,14.89,0.54,0.54,52.68,N/A
N/A,EC_081_INC-W3,10.58052/IEWDR01X0,Sediment,8.06,8.07,14.92,0.54,0.54,52.27,N/A
N/A,EC_081_INC-W4,10.58052/IEWDR01X0,Sediment,8.06,8.06,14.96,0.54,0.54,50.51,N/A
N/A,EC_081_INC-W5,10.58052/IEWDR01X0,Sediment,8.05,8.05,14.9,0.54,0.54,50.39,N/A
N/A,EC_082_INC-D1,10.58052/IEWDR01X3,Sediment,7.88,5.83,12.05,0.65,0.48,50,N/A
N/A,EC_082_INC-D2,10.58052/IEWDR01X3,Sediment,7.9,5.92,12.09,0.65,0.49,51.18,N/A
N/A,EC_082_INC-D3,10.58052/IEWDR01X3,Sediment,7.9,6.24,12.09,0.65,0.52,51.76,N/A
N/A,EC_082_INC-D4,10.58052/IEWDR01X3,Sediment,7.92,6.29,12.13,0.65,0.52,49.53,N/A
N/A,EC_082_INC-D5,10.58052/IEWDR01X3,Sediment,7.88,6.21,12.06,0.65,0.51,51.59,N/A
N/A,EC_082_INC-W1,10.58052/IEWDR01X3,Sediment,10.86,10.86,12.12,0.9,0.9,51.78,N/A
N/A,EC_082_INC-W2,10.58052/IEWDR01X3,Sediment,10.83,10.83,12.07,0.9,0.9,51.97,N/A
N/A,EC_082_INC-W3,10.58052/IEWDR01X3,Sediment,10.86,10.86,12.12,0.9,0.9,51.1,N/A
N/A,EC_082_INC-W4,10.58052/IEWDR01X3,Sediment,10.89,10.89,12.13,0.9,0.9,50.65,N/A
N/A,EC_082_INC-W5,10.58052/IEWDR01X3,Sediment,10.84,10.84,12.1,0.9,0.9,51.99,N/A
N/A,EC_084_INC-D1,10.58052/IEWDR01X6,Sediment,5.8,3.3,14.14,0.41,0.23,51.31,INC_QA_005
N/A,EC_084_INC-D2,10.58052/IEWDR01X6,Sediment,5.82,3.45,14.21,0.41,0.24,51.29,INC_QA_005
N/A,EC_084_INC-D3,10.58052/IEWDR01X6,Sediment,5.82,3.47,14.18,0.41,0.24,51.29,INC_QA_005
N/A,EC_084_INC-D4,10.58052/IEWDR01X6,Sediment,5.81,3.12,14.18,0.41,0.22,51.3,INC_QA_005
N/A,EC_084_INC-D5,10.58052/IEWDR01X6,Sediment,5.8,3.34,14.14,0.41,0.24,51.31,INC_QA_005
N/A,EC_084_INC-W1,10.58052/IEWDR01X6,Sediment,7.81,8.51,14.13,0.55,0.6,51.32,INC_QA_005
N/A,EC_084_INC-W2,10.58052/IEWDR01X6,Sediment,7.84,8.65,14.16,0.55,0.61,51.3,INC_QA_005
N/A,EC_084_INC-W3,10.58052/IEWDR01X6,Sediment,7.79,9.08,14.13,0.55,0.64,51.32,INC_QA_005
N/A,EC_084_INC-W4,10.58052/IEWDR01X6,Sediment,7.78,8.77,14.11,0.55,0.62,51.32,INC_QA_005
N/A,EC_084_INC-W5,10.58052/IEWDR01X6,Sediment,7.69,8.14,14.39,0.53,0.57,51.21,INC_QA_005
N/A,EC_085_INC-D1,10.58052/IEWDR01X9,Sediment,5.06,1.52,14.88,0.34,0.1,51.08,INC_QA_005
N/A,EC_085_INC-D2,10.58052/IEWDR01X9,Sediment,5.07,2.2,14.91,0.34,0.15,51.07,INC_QA_005
N/A,EC_085_INC-D3,10.58052/IEWDR01X9,Sediment,5.07,2.17,14.9,0.34,0.15,51.07,INC_QA_005
N/A,EC_085_INC-D4,10.58052/IEWDR01X9,Sediment,5.08,1.93,14.95,0.34,0.13,51.05,INC_QA_005
N/A,EC_085_INC-D5,10.58052/IEWDR01X9,Sediment,5.09,1.91,14.96,0.34,0.13,51.05,INC_QA_005
N/A,EC_085_INC-W1,10.58052/IEWDR01X9,Sediment,8.13,8.13,14.94,0.54,0.54,51.05,INC_QA_005
N/A,EC_085_INC-W2,10.58052/IEWDR01X9,Sediment,8.09,8.09,14.86,0.54,0.54,51.09,INC_QA_005
N/A,EC_085_INC-W3,10.58052/IEWDR01X9,Sediment,8.03,8.03,14.97,0.54,0.54,51.04,INC_QA_005
N/A,EC_085_INC-W4,10.58052/IEWDR01X9,Sediment,8.07,8.07,14.9,0.54,0.54,51.07,INC_QA_005
N/A,EC_085_INC-W5,10.58052/IEWDR01X9,Sediment,8.06,8.06,14.93,0.54,0.54,51.06,INC_QA_005
N/A,EC_088_INC-D1,10.58052/IEWDR01XC,Sediment,6.24,1.31,13.75,0.45,0.09,51.65,INC_QA_005
N/A,EC_088_INC-D2,10.58052/IEWDR01XC,Sediment,6.23,2.99,13.75,0.45,0.22,51.65,INC_QA_005
N/A,EC_088_INC-D3,10.58052/IEWDR01XC,Sediment,6.24,3.5,13.77,0.45,0.25,51.64,INC_QA_005
N/A,EC_088_INC-D4,10.58052/IEWDR01XC,Sediment,6.24,2.24,13.76,0.45,0.16,51.64,INC_QA_005
N/A,EC_088_INC-D5,10.58052/IEWDR01XC,Sediment,6.23,2.73,13.75,0.45,0.2,51.65,INC_QA_005
N/A,EC_088_INC-W1,10.58052/IEWDR01XC,Sediment,9.24,9.25,13.7,0.67,0.68,51.67,INC_QA_005
N/A,EC_088_INC-W2,10.58052/IEWDR01XC,Sediment,9.29,9.31,13.77,0.67,0.68,51.64,INC_QA_005
N/A,EC_088_INC-W3,10.58052/IEWDR01XC,Sediment,9.25,9.25,13.73,0.67,0.67,51.66,INC_QA_005
N/A,EC_088_INC-W4,10.58052/IEWDR01XC,Sediment,9.26,9.27,13.82,0.67,0.67,51.62,INC_QA_005
N/A,EC_088_INC-W5,10.58052/IEWDR01XC,Sediment,9.26,9.26,13.74,0.67,0.67,51.65,INC_QA_005
N/A,EC_089_INC-D1,10.58052/IEWDR01ZU,Sediment,4.54,2.97,15.47,0.29,0.19,50.7,N/A
N/A,EC_089_INC-D2,10.58052/IEWDR01ZU,Sediment,4.54,3.17,15.47,0.29,0.2,49.96,N/A
N/A,EC_089_INC-D3,10.58052/IEWDR01ZU,Sediment,4.53,2.89,15.46,0.29,0.19,49.93,N/A
N/A,EC_089_INC-D4,10.58052/IEWDR01ZU,Sediment,4.52,2.98,15.42,0.29,0.19,50.13,N/A
N/A,EC_089_INC-D5,10.58052/IEWDR01ZU,Sediment,4.52,3.07,15.41,0.29,0.2,50.74,N/A
N/A,EC_089_INC-W1,10.58052/IEWDR01ZU,Sediment,7.58,7.58,15.45,0.49,0.49,51.04,N/A
N/A,EC_089_INC-W2,10.58052/IEWDR01ZU,Sediment,7.49,7.49,15.43,0.49,0.49,50.99,N/A
N/A,EC_089_INC-W3,10.58052/IEWDR01ZU,Sediment,7.55,7.55,15.47,0.49,0.49,51.53,N/A
N/A,EC_089_INC-W4,10.58052/IEWDR01ZU,Sediment,7.51,7.51,15.49,0.48,0.48,50.93,N/A
N/A,EC_089_INC-W5,10.58052/IEWDR01ZU,Sediment,7.56,7.56,15.48,0.49,0.49,50.71,N/A
N/A,EC_090_INC-D1,10.58052/IEWDR01ZV,Sediment,3,1.18,16.99,0.18,0.07,50.38,N/A
N/A,EC_090_INC-D2,10.58052/IEWDR01ZV,Sediment,3,1.27,16.99,0.18,0.07,49.81,N/A
N/A,EC_090_INC-D3,10.58052/IEWDR01ZV,Sediment,3,1.12,17,0.18,0.07,49.3,N/A
N/A,EC_090_INC-D4,10.58052/IEWDR01ZV,Sediment,3,1.33,16.97,0.18,0.08,49.58,N/A
N/A,EC_090_INC-D5,10.58052/IEWDR01ZV,Sediment,3.01,1.24,17.02,0.18,0.07,50.16,N/A
N/A,EC_090_INC-W1,10.58052/IEWDR01ZV,Sediment,6.01,6,17.01,0.35,0.35,50.56,N/A
N/A,EC_090_INC-W2,10.58052/IEWDR01ZV,Sediment,6.01,5.99,16.99,0.35,0.35,51.35,N/A
N/A,EC_090_INC-W3,10.58052/IEWDR01ZV,Sediment,6,5.99,17,0.35,0.35,50.31,N/A
N/A,EC_090_INC-W4,10.58052/IEWDR01ZV,Sediment,6.01,6,17.04,0.35,0.35,49.85,N/A
N/A,EC_090_INC-W5,10.58052/IEWDR01ZV,Sediment,5.96,5.96,16.98,0.35,0.35,50.29,N/A
N/A,EC_091_INC-D1,10.58052/IEWDR01ZW,Sediment,4.92,2.67,15.06,0.33,0.18,50.29,N/A
N/A,EC_091_INC-D2,10.58052/IEWDR01ZW,Sediment,4.93,2.76,15.11,0.33,0.18,50.31,N/A
N/A,EC_091_INC-D3,10.58052/IEWDR01ZW,Sediment,4.92,2.28,15.06,0.33,0.15,50.58,N/A
N/A,EC_091_INC-D4,10.58052/IEWDR01ZW,Sediment,4.92,2.9,15.07,0.33,0.19,49.33,N/A
N/A,EC_091_INC-D5,10.58052/IEWDR01ZW,Sediment,4.92,2.66,15.06,0.33,0.18,51.07,N/A
N/A,EC_091_INC-W1,10.58052/IEWDR01ZW,Sediment,7.91,7.91,15.13,0.52,0.52,50.37,N/A
N/A,EC_091_INC-W2,10.58052/IEWDR01ZW,Sediment,7.93,7.93,15.11,0.52,0.52,49.71,N/A
N/A,EC_091_INC-W3,10.58052/IEWDR01ZW,Sediment,7.92,7.93,15.08,0.53,0.53,51.2,N/A
N/A,EC_091_INC-W4,10.58052/IEWDR01ZW,Sediment,7.95,7.95,15.11,0.53,0.53,50.04,N/A
N/A,EC_091_INC-W5,10.58052/IEWDR01ZW,Sediment,7.9,7.9,15.07,0.52,0.52,50.9,N/A
N/A,EC_092_INC-D1,10.58052/IEWDR01ZX,Sediment,3.29,1.28,16.71,0.2,0.08,50.46,N/A
N/A,EC_092_INC-D2,10.58052/IEWDR01ZX,Sediment,3.29,1.38,16.71,0.2,0.08,49.21,N/A
N/A,EC_092_INC-D3,10.58052/IEWDR01ZX,Sediment,3.3,1.28,16.76,0.2,0.08,49.37,N/A
N/A,EC_092_INC-D4,10.58052/IEWDR01ZX,Sediment,3.28,1.47,16.69,0.2,0.09,49.7,N/A
N/A,EC_092_INC-D5,10.58052/IEWDR01ZX,Sediment,3.29,1.59,16.75,0.2,0.1,50.21,N/A
N/A,EC_092_INC-W1,10.58052/IEWDR01ZX,Sediment,6.31,6.31,16.71,0.38,0.38,49.38,N/A
N/A,EC_092_INC-W2,10.58052/IEWDR01ZX,Sediment,6.3,6.3,16.71,0.38,0.38,50.59,N/A
N/A,EC_092_INC-W3,10.58052/IEWDR01ZX,Sediment,6.32,6.32,16.74,0.38,0.38,51.09,N/A
N/A,EC_092_INC-W4,10.58052/IEWDR01ZX,Sediment,6.31,6.31,16.74,0.38,0.38,50.15,N/A
N/A,EC_092_INC-W5,10.58052/IEWDR01ZX,Sediment,6.3,6.3,16.75,0.38,0.38,50.68,N/A
N/A,EC_093_INC-D1,10.58052/IEWDR01ZY,Sediment,3.7,2.04,16.3,0.23,0.12,50.55,N/A
N/A,EC_093_INC-D2,10.58052/IEWDR01ZY,Sediment,3.69,1.92,16.28,0.23,0.12,49.7,N/A
N/A,EC_093_INC-D3,10.58052/IEWDR01ZY,Sediment,3.69,2.06,16.3,0.23,0.13,49.97,N/A
N/A,EC_093_INC-D4,10.58052/IEWDR01ZY,Sediment,3.69,1.96,16.3,0.23,0.12,49.7,N/A
N/A,EC_093_INC-D5,10.58052/IEWDR01ZY,Sediment,3.7,1.92,16.31,0.23,0.12,49.23,N/A
N/A,EC_093_INC-W1,10.58052/IEWDR01ZY,Sediment,6.73,6.63,16.3,0.41,0.41,49.98,N/A
N/A,EC_093_INC-W2,10.58052/IEWDR01ZY,Sediment,6.71,6.7,16.3,0.41,0.41,50.69,N/A
N/A,EC_093_INC-W3,10.58052/IEWDR01ZY,Sediment,6.74,6.74,16.32,0.41,0.41,50.76,N/A
N/A,EC_093_INC-W4,10.58052/IEWDR01ZY,Sediment,6.73,7.03,16.32,0.41,0.43,50.88,N/A
N/A,EC_093_INC-W5,10.58052/IEWDR01ZY,Sediment,6.72,6.71,16.31,0.41,0.41,50.32,N/A
N/A,EC_094_INC-D1,10.58052/IEWDR01ZZ,Sediment,4.46,2.59,15.57,0.29,0.17,50.58,N/A
N/A,EC_094_INC-D2,10.58052/IEWDR01ZZ,Sediment,4.46,2.62,15.54,0.29,0.17,50.54,N/A
N/A,EC_094_INC-D3,10.58052/IEWDR01ZZ,Sediment,4.46,1.87,15.56,0.29,0.12,50.19,N/A
N/A,EC_094_INC-D4,10.58052/IEWDR01ZZ,Sediment,4.46,2.54,15.54,0.29,0.16,50.99,N/A
N/A,EC_094_INC-D5,10.58052/IEWDR01ZZ,Sediment,4.46,2.79,15.56,0.29,0.18,50.78,N/A
N/A,EC_094_INC-W1,10.58052/IEWDR01ZZ,Sediment,7.47,7.47,15.55,0.48,0.48,51.03,N/A
N/A,EC_094_INC-W2,10.58052/IEWDR01ZZ,Sediment,7.48,7.48,15.57,0.48,0.48,50.13,N/A
N/A,EC_094_INC-W3,10.58052/IEWDR01ZZ,Sediment,7.48,7.47,15.54,0.48,0.48,51.31,N/A
N/A,EC_094_INC-W4,10.58052/IEWDR01ZZ,Sediment,7.49,7.49,15.61,0.48,0.48,50.37,N/A
N/A,EC_094_INC-W5,10.58052/IEWDR01ZZ,Sediment,7.47,7.47,15.55,0.48,0.48,50.3,N/A
N/A,EC_095_INC-D1,10.58052/IEWDR0200,Sediment,7.59,3.43,12.43,0.61,0.28,52.63,N/A
N/A,EC_095_INC-D2,10.58052/IEWDR0200,Sediment,7.56,2.85,12.39,0.61,0.23,51.93,N/A
N/A,EC_095_INC-D3,10.58052/IEWDR0200,Sediment,7.58,3.27,12.42,0.61,0.26,52.3,N/A
N/A,EC_095_INC-D4,10.58052/IEWDR0200,Sediment,7.6,3.88,12.45,0.61,0.31,52.39,N/A
N/A,EC_095_INC-D5,10.58052/IEWDR0200,Sediment,7.55,2.84,12.39,0.61,0.23,52.65,N/A
N/A,EC_095_INC-W1,10.58052/IEWDR0200,Sediment,10.56,10.55,12.41,0.85,0.85,52.83,N/A
N/A,EC_095_INC-W2,10.58052/IEWDR0200,Sediment,10.51,10.5,12.43,0.84,0.84,52.53,N/A
N/A,EC_095_INC-W3,10.58052/IEWDR0200,Sediment,10.51,10.51,12.4,0.85,0.85,51.86,N/A
N/A,EC_095_INC-W4,10.58052/IEWDR0200,Sediment,10.47,10.47,12.45,0.84,0.84,52.22,N/A
N/A,EC_095_INC-W5,10.58052/IEWDR0200,Sediment,10.54,10.54,12.47,0.85,0.85,51.99,N/A
#End_Data,,,,,,,,,,
